 market_cap_category |   symbol   | direction | consecutive_days | streak_start_date | streak_end_date | avg_daily_change_cr | total_change_cr |      trend_label      
---------------------+------------+-----------+------------------+-------------------+-----------------+---------------------+-----------------+-----------------------
 Large-High          | GODREJCP   | negative  |                9 | 2025-12-09        | 2025-12-19      |                1.48 |          -13.28 | 📉 Continuous Selling
 Large-High          | DRREDDY    | negative  |                8 | 2025-12-09        | 2025-12-18      |                1.53 |          -12.22 | 📉 Continuous Selling
 Large-High          | IOC        | positive  |                7 | 2025-12-09        | 2025-12-17      |               19.89 |          139.20 | 📈 Continuous Buying
 Large-High          | CHOLAFIN   | positive  |                7 | 2025-12-11        | 2025-12-19      |                2.87 |           20.09 | 📈 Continuous Buying
 Large-High          | INDIGO     | positive  |                6 | 2025-12-09        | 2025-12-16      |               18.22 |          109.33 | 📈 Continuous Buying
 Large-High          | GMRAIRPORT | positive  |                6 | 2025-12-12        | 2025-12-19      |                3.24 |           19.45 | 📈 Continuous Buying
 Large-High          | PIDILITIND | negative  |                6 | 2025-12-09        | 2025-12-16      |                0.43 |           -2.55 | 📉 Continuous Selling
 Large-High          | SBILIFE    | negative  |                6 | 2025-12-12        | 2025-12-19      |                1.05 |           -6.32 | 📉 Continuous Selling
 Large-High          | INDHOTEL   | negative  |                6 | 2025-12-09        | 2025-12-16      |                1.32 |           -7.93 | 📉 Continuous Selling
 Large-High          | UNITDSPR   | negative  |                6 | 2025-12-09        | 2025-12-16      |                1.52 |           -9.13 | 📉 Continuous Selling
 Large-Low           | BHEL       | positive  |                6 | 2025-12-12        | 2025-12-19      |                4.13 |           24.78 | 📈 Continuous Buying
 Large-Low           | BAJAJHFL   | negative  |                6 | 2025-12-09        | 2025-12-16      |                3.24 |          -19.47 | 📉 Continuous Selling
 Large-Low           | NAUKRI     | positive  |                5 | 2025-12-15        | 2025-12-19      |                1.31 |            6.57 | 📈 Continuous Buying
 Large-Low           | AUBANK     | negative  |                5 | 2025-12-15        | 2025-12-19      |                0.59 |           -2.94 | 📉 Continuous Selling
 Large-Low           | BHARTIHEXA | negative  |                5 | 2025-12-15        | 2025-12-19      |                0.95 |           -4.73 | 📉 Continuous Selling
 Large-Low           | NHPC       | negative  |                5 | 2025-12-09        | 2025-12-15      |                2.35 |          -11.77 | 📉 Continuous Selling
 Large-Low           | LLOYDSME   | positive  |                4 | 2025-12-15        | 2025-12-18      |               69.66 |          278.65 | 📈 Continuous Buying
 Large-Low           | PAYTM      | positive  |                4 | 2025-12-15        | 2025-12-18      |                4.97 |           19.88 | 📈 Continuous Buying
 Large-Low           | POLICYBZR  | positive  |                4 | 2025-12-12        | 2025-12-17      |                3.40 |           13.60 | 📈 Continuous Buying
 Large-Low           | LTF        | positive  |                4 | 2025-12-15        | 2025-12-18      |                1.80 |            7.22 | 📈 Continuous Buying
 Mid-High            | IRCTC      | negative  |                7 | 2025-12-11        | 2025-12-19      |                1.05 |           -7.32 | 📉 Continuous Selling
 Mid-High            | LINDEINDIA | negative  |                7 | 2025-12-09        | 2025-12-17      |                1.14 |           -7.97 | 📉 Continuous Selling
 Mid-High            | BHARATFORG | negative  |                7 | 2025-12-11        | 2025-12-19      |                1.44 |          -10.09 | 📉 Continuous Selling
 Mid-High            | PATANJALI  | positive  |                6 | 2025-12-09        | 2025-12-16      |               38.52 |          231.14 | 📈 Continuous Buying
 Mid-High            | APLAPOLLO  | negative  |                6 | 2025-12-12        | 2025-12-19      |                1.14 |           -6.82 | 📉 Continuous Selling
 Mid-High            | GODREJPROP | negative  |                6 | 2025-12-09        | 2025-12-16      |                2.10 |          -12.58 | 📉 Continuous Selling
 Mid-High            | BIOCON     | negative  |                6 | 2025-12-12        | 2025-12-19      |                2.62 |          -15.71 | 📉 Continuous Selling
 Mid-High            | LAURUSLABS | positive  |                5 | 2025-12-11        | 2025-12-17      |                4.39 |           21.96 | 📈 Continuous Buying
 Mid-High            | NATIONALUM | positive  |                5 | 2025-12-15        | 2025-12-19      |                4.10 |           20.49 | 📈 Continuous Buying
 Mid-High            | NMDC       | positive  |                5 | 2025-12-15        | 2025-12-19      |                2.82 |           14.11 | 📈 Continuous Buying
 Mid-Low             | TATAINVEST | negative  |                9 | 2025-12-09        | 2025-12-19      |                0.92 |           -8.26 | 📉 Continuous Selling
 Mid-Low             | PGHH       | negative  |                8 | 2025-12-09        | 2025-12-18      |                0.26 |           -2.12 | 📉 Continuous Selling
 Mid-Low             | GODFRYPHLP | negative  |                7 | 2025-12-09        | 2025-12-17      |                2.19 |          -15.36 | 📉 Continuous Selling
 Mid-Low             | 360ONE     | negative  |                6 | 2025-12-11        | 2025-12-18      |                0.88 |           -5.25 | 📉 Continuous Selling
 Mid-Low             | FLUOROCHEM | negative  |                6 | 2025-12-12        | 2025-12-19      |                1.37 |           -8.22 | 📉 Continuous Selling
 Mid-Low             | BLUESTARCO | negative  |                6 | 2025-12-11        | 2025-12-18      |                1.62 |           -9.71 | 📉 Continuous Selling
 Mid-Low             | COCHINSHIP | negative  |                6 | 2025-12-12        | 2025-12-19      |                2.77 |          -16.63 | 📉 Continuous Selling
 Mid-Low             | GOLDBEES   | positive  |                5 | 2025-12-15        | 2025-12-19      |               13.36 |           66.80 | 📈 Continuous Buying
 Mid-Low             | POONAWALLA | positive  |                5 | 2025-12-09        | 2025-12-15      |                1.84 |            9.22 | 📈 Continuous Buying
 Mid-Low             | ACC        | positive  |                5 | 2025-12-11        | 2025-12-17      |                1.56 |            7.81 | 📈 Continuous Buying
 Small-High          | BIKAJI     | negative  |                9 | 2025-12-09        | 2025-12-19      |                0.64 |           -5.73 | 📉 Continuous Selling
 Small-High          | RRKABEL    | negative  |                9 | 2025-12-09        | 2025-12-19      |                0.99 |           -8.89 | 📉 Continuous Selling
 Small-High          | DEEPAKNTR  | negative  |                9 | 2025-12-09        | 2025-12-19      |                1.54 |          -13.87 | 📉 Continuous Selling
 Small-High          | COHANCE    | negative  |                9 | 2025-12-09        | 2025-12-19      |                4.99 |          -44.93 | 📉 Continuous Selling
 Small-High          | OLAELEC    | positive  |                8 | 2025-12-09        | 2025-12-18      |                5.60 |           44.82 | 📈 Continuous Buying
 Small-High          | CONCORDBIO | positive  |                8 | 2025-12-09        | 2025-12-18      |                1.26 |           10.05 | 📈 Continuous Buying
 Small-High          | EMAMILTD   | negative  |                8 | 2025-12-09        | 2025-12-18      |                0.96 |           -7.68 | 📉 Continuous Selling
 Small-High          | WELCORP    | positive  |                7 | 2025-12-11        | 2025-12-19      |                5.89 |           41.24 | 📈 Continuous Buying
 Small-High          | HDFCGOLD   | positive  |                7 | 2025-12-09        | 2025-12-17      |                1.35 |            9.42 | 📈 Continuous Buying
 Small-High          | MRPL       | positive  |                7 | 2025-12-10        | 2025-12-18      |                1.19 |            8.30 | 📈 Continuous Buying
 Small-Low           | HCC        | positive  |                9 | 2025-12-09        | 2025-12-19      |                3.59 |           32.27 | 📈 Continuous Buying
 Small-Low           | MEDPLUS    | negative  |                9 | 2025-12-09        | 2025-12-19      |                0.24 |           -2.14 | 📉 Continuous Selling
 Small-Low           | JUSTDIAL   | negative  |                9 | 2025-12-09        | 2025-12-19      |                0.38 |           -3.46 | 📉 Continuous Selling
 Small-Low           | EQUITASBNK | positive  |                8 | 2025-12-09        | 2025-12-18      |                0.72 |            5.73 | 📈 Continuous Buying
 Small-Low           | SONATSOFTW | positive  |                8 | 2025-12-09        | 2025-12-18      |                0.57 |            4.60 | 📈 Continuous Buying
 Small-Low           | VMART      | negative  |                8 | 2025-12-09        | 2025-12-18      |                0.07 |           -0.53 | 📉 Continuous Selling
 Small-Low           | RUSTOMJEE  | negative  |                8 | 2025-12-09        | 2025-12-18      |                0.12 |           -0.93 | 📉 Continuous Selling
 Small-Low           | TANLA      | negative  |                8 | 2025-12-09        | 2025-12-18      |                0.44 |           -3.52 | 📉 Continuous Selling
 Small-Low           | EPL        | negative  |                8 | 2025-12-10        | 2025-12-19      |                0.82 |           -6.55 | 📉 Continuous Selling
 Small-Low           | QPOWER     | positive  |                7 | 2025-12-10        | 2025-12-18      |                1.29 |            9.04 | 📈 Continuous Buying
 Micro-Low           | SHRINGARMS | positive  |                9 | 2025-12-09        | 2025-12-19      |                5.72 |           51.52 | 📈 Continuous Buying
 Micro-Low           | TRUALT     | positive  |                9 | 2025-12-09        | 2025-12-19      |                0.38 |            3.44 | 📈 Continuous Buying
 Micro-Low           | ABCOTS     | positive  |                9 | 2025-12-09        | 2025-12-19      |                0.03 |            0.30 | 📈 Continuous Buying
 Micro-Low           | SETFNIFBK  | positive  |                9 | 2025-12-09        | 2025-12-19      |                0.01 |            0.10 | 📈 Continuous Buying
 Micro-Low           | VALIANTORG | positive  |                9 | 2025-12-09        | 2025-12-19      |                0.00 |            0.03 | 📈 Continuous Buying
 Micro-Low           | SARVESHWAR | negative  |                9 | 2025-12-09        | 2025-12-19      |                0.02 |           -0.15 | 📉 Continuous Selling
 Micro-Low           | RADHIKAJWE | negative  |                9 | 2025-12-09        | 2025-12-19      |                0.03 |           -0.23 | 📉 Continuous Selling
 Micro-Low           | ONMOBILE   | negative  |                9 | 2025-12-09        | 2025-12-19      |                0.04 |           -0.34 | 📉 Continuous Selling
 Micro-Low           | DIGITIDE   | negative  |                9 | 2025-12-09        | 2025-12-19      |                0.08 |           -0.71 | 📉 Continuous Selling
 Micro-Low           | IKIO       | negative  |                9 | 2025-12-09        | 2025-12-19      |                0.09 |           -0.77 | 📉 Continuous Selling
 Unknown             | SHARDACROP | negative  |                5 | 2025-12-12        | 2025-12-18      |                0.98 |           -4.88 | 📉 Continuous Selling
(71 rows)

