SEBI REPORT AS ON Reporting date 24-NOV-2025,,,
,,,
,,,
Sr.No.,Particulars,Rs. In Lakhs ,
1,Scripwise Total Outstanding on the beginning of the day,11319316.71,
2,Fresh Exposure taken during the day,269831.81,
3,Exposure liquidated during the day,309922.74,
4,Net scripwise outstanding at the end of the day,11279225.79,
,,,
,,,
Symbol,Name,Qty Fin by all the members(No.of Shares),Amt Fin by all the members(Rs. In Lakhs)
20MICRONS,20 MICRONS LTD,250556,583.76
360ONE,360 ONE WAM LIMITED,336558,3755.94
3IINFOLTD,3I INFOTECH LIMITED,395984,119.15
3MINDIA,3M INDIA LIMITED,5373,1730.48
5PAISA,5PAISA CAPITAL LIMITED,117754,431.12
63MOONS,63 MOONS TECHNOLOGIES LTD,380808,3196.20
AADHARHFC,AADHAR HOUSING FINANCE L,1163889,5886.95
AARON,AARON INDUSTRIES LIMITED,270,0.78
AARTECH,AARTECH SOLONICS LIMITED,1075,0.57
AARTIDRUGS,AARTI DRUGS LTD.,731637,3604.69
AARTIIND,AARTI INDUSTRIES LTD,3766043,16415.69
AARTIPHARM,AARTI PHARMALABS LIMITED,381645,3095.04
AARTISURF,AARTI SURFACTANTS LIMITED,3395,16.60
AARVI,AARVI ENCON LIMITED,538,0.76
AAVAS,AAVAS FINANCIERS LIMITED,238121,4216.06
ABAN,ABAN OFFSHORE LTD.,750,0.58
ABB,ABB INDIA LIMITED,516609,29013.08
ABBOTINDIA,ABBOTT INDIA LIMITED,13598,4178.92
ABCAPITAL,ADITYA BIRLA CAPITAL LTD.,3507760,9715.44
ABCOTS,A B COTSPIN INDIA LIMITED,37724,157.25
ABDL,ALLIED BLEND N DISTILS L,902692,4843.13
ABFRL,ADITYA BIRLA FASHION & RT,33281660,40560.01
ABGSEC,BIRLASLAMC - ABGSEC,261,0.29
ABINFRA,A B INFRABUILD LIMITED,299001,57.71
ABLBL,ADITYA BIRLA LIFES BRAN L,6456831,9677.18
ABREL,ADITYA BIRLA REAL EST LTD,322187,6581.13
ABSLAMC,ADIT BIRL SUN LIF AMC LTD,503496,4043.63
ABSLBANETF,BIRLASLAMC - ABSLBANETF,8774,4.98
ABSLLIQUID,BIRLASLAMC - ABSLLIQUID,11,0.11
ABSLNN50ET,BIRLASLAMC - ABSLNN50ET,166615,127.07
ABSLPSE,BIRLASLAMC-ABSLPSE,135657,13.72
ACC,ACC LIMITED,624188,12058.78
ACCELYA,ACCELYA SOLN INDIA LTD,291188,4229.95
ACCURACY,ACCURACY SHIPPING LIMITED,250,0.02
ACE,ACTION CONST EQUIP LTD,701028,8107.89
ACI,ARCHEAN CHEMICAL IND LTD,407600,2596.16
ACL,ANDHRA CEMENTS LIMITED,62,0.04
ACLGATI,ALLCARGO GATI LIMITED,58575,38.02
ACMESOLAR,ACME SOLAR HOLDINGS LTD,2649914,7484.38
ACUTAAS,ACUTAAS CHEMICALS LIMITED,307911,4597.01
ADANIENSOL,ADANI ENERGY SOLUTION LTD,1246568,11155.27
ADANIENT,ADANI ENTERPRISES LIMITED,1267689,32399.89
ADANIGREEN,ADANI GREEN ENERGY LTD,2699970,28843.16
ADANIPORTS,ADANI PORT & SEZ LTD,1858738,26459.48
ADANIPOWER,ADANI POWER LTD,32972287,49718.32
ADFFOODS,ADF FOODS LIMITED,795318,2030.73
ADOR,ADOR WELDING LTD,47676,535.63
ADSL,ALLIED DIGITAL SERV. LTD,338252,655.07
ADVANCE,ADVANCE AGROLIFE LIMITED,509477,713.82
ADVANIHOTR,ADVANI HOT.& RES.(I) LTD,28519,18.03
ADVENTHTL,ADVENT HOTELS INTERNATI L,2018,5.29
ADVENZYMES,ADVANCED ENZYME TECH LTD,671491,2367.68
AEGISLOG,AEGIS LOGISTICS LIMITED,1142479,9143.20
AEGISVOPAK,AEGIS VOPAK TERMINALS LTD,507233,1350.06
AEROENTER,AEROFLEX ENTERPRISES LTD,891262,897.48
AEROFLEX,AEROFLEX INDUSTRIES LTD,2423258,4615.78
AETHER,AETHER INDUSTRIES LIMITED,300857,2371.81
AFCONS,AFCONS INFRASTRUCTURE LTD,1430385,6347.05
AFFLE,AFFLE 3I LIMITED,295422,5506.21
AFFORDABLE,AFFORD ROBO & AUTO LTD,9182,24.12
AFIL,AKME FINTRADE (INDIA) LTD,12414499,959.98
AFSL,ABANS FINANCIAL SRVCS LTD,27359,64.82
AGARIND,AGARWAL INDS CORP LTD.,54346,521.47
AGARWALEYE,DR AGARWALS HEALTH CARE L,112048,544.95
AGI,AGI GREENPAC LIMITED,458987,3916.16
AGIIL,AGI INFRA LIMITED,1707313,3703.15
AGRITECH,AGRI-TECH (INDIA) LIMITED,2549,4.82
AGSTRA,AGS TRANSACT TECH LTD,497,0.37
AHLADA,AHLADA ENGINEERS LIMITED,5737,5.37
AHLEAST,ASIAN HOTELS (EAST) LTD,1399,2.12
AHLUCONT,AHLUWALIA CONT IND LTD,256935,2610.34
AIAENG,AIA ENGINEERING LIMITED,48664,1728.96
AIIL,AUTHUM INVEST & INFRA LTD,94871,2729.94
AIRAN,AIRAN LIMITED,81340,22.73
AJANTPHARM,AJANTA PHARMA LIMITED,64135,1724.34
AJAXENGG,AJAX ENGINEERING LIMITED,129743,855.61
AJMERA,AJMERA REALTY & INF I LTD,180805,1749.11
AJOONI,AJOONI BIOTECH LIMITED,7049,0.40
AKSHARCHEM,AKSHARCHEM INDIA LIMITED,250,0.77
AKSHOPTFBR,AKSH OPTIFIBRE LIMITED,26264,1.84
AKUMS,AKUMS DRUGS AND PHARMA L,454469,2266.17
AKZOINDIA,AKZO NOBEL INDIA LIMITED,26592,940.78
ALANKIT,ALANKIT LIMITED,199635,28.80
ALBERTDAVD,ALBERT DAVID LIMITED,4259,34.56
ALEMBICLTD,ALEMBIC LIMITED,2132855,2468.14
ALICON,ALICON CASTALLOY LIMITED,13957,139.12
ALIVUS,ALIVUS LIFE SCIENCES LTD,208882,2139.80
ALKALI,ALKALI METALS LTD,740,0.70
ALKEM,ALKEM LABORATORIES LTD.,24750,1391.38
ALKYLAMINE,ALKYL AMINES CHEM. LTD,169702,3481.38
ALLCARGO,ALLCARGO LOGISTICS LTD,701017,283.87
ALLDIGI,ALLDIGI TECH LIMITED,27190,199.87
ALLTIME,ALL TIME PLASTICS LIMITED,171185,494.54
ALMONDZ,ALMONDZ GLOBAL SEC LTD,14125,2.99
ALOKINDS,ALOK INDUSTRIES LIMITED,15513868,2995.45
ALPA,ALPA LABORATORIES LTD,3698,3.81
ALPHA,KOTAKMAMC - KOTAKALPHA,3790481,1882.52
ALPHAETF,MIRAEAMC - ALPHAETF,1714843,435.23
ALPHAGEO,ALPHAGEO (INDIA) LIMITED,14266,37.90
ALPL30IETF,ICICIPRAMC - ICICIALPLV,812835,231.50
AMANTA,AMANTA HEALTHCARE LIMITED,18254,22.18
AMBER,AMBER ENTERPRISES (I) LTD,246781,19016.20
AMBIKCO,AMBIKA COTTON MILL LTD.,13666,201.65
AMBUJACEM,AMBUJA CEMENTS LTD,2778441,16030.99
AMJLAND,AMJ LAND HOLDINGS LIMITED,200,0.12
AMNPLST,AMINES & PLASTICIZERS LTD,2330,6.88
AMRUTANJAN,AMRUTAJAN HEALTH LTD,40964,305.83
ANANDRATHI,ANAND RATHI WEALTH LTD,124364,3589.16
ANANTRAJ,ANANT RAJ LIMITED,10571716,68830.52
ANDHRAPAP,ANDHRA PAPER LIMITED,607056,507.06
ANDHRSUGAR,ANDHRA SUGARS LTD,476735,502.62
ANDREWYU,ANDREW YULE & CO LTD,3900,1.04
ANGELONE,ANGEL ONE LIMITED,594332,16645.69
ANMOL,ANMOL INDIA LIMITED,600,0.09
ANTELOPUS,ANTELOPUS SELAN ENRGY LTD,119379,747.04
ANTHEM,ANTHEM BIOSCIENCES LTD,399735,2936.90
ANUHPHR,ANUH PHARMA LIMITED,19945,17.74
ANUP,THE ANUP ENGINEERING LTD,70755,1847.59
ANURAS,ANUPAM RASAYAN INDIA LTD,4237301,42024.40
AONEGOLD,AONEAMC - AONEGOLD,777018,92.40
AONELIQUID,AONEAMC - AONELIQUID,3,0.03
AONENIFTY,AONEAMC - AONENIFTY,43838,4.51
AONETOTAL,AONEAMC - AONETOTAL,80622,9.49
APARINDS,APAR INDUSTRIES LTD.,69376,5848.07
APCOTEXIND,APCOTEX INDUSTRIES LIMITE,28440,119.37
APEX,APEX FROZEN FOODS LIMITED,292619,876.66
APLAPOLLO,APL APOLLO TUBES LTD,302321,5264.69
APLLTD,ALEMBIC PHARMA LTD,261646,2598.28
APOLLO,APOLLO MICRO SYSTEMS LTD,3357933,8723.05
APOLLOHOSP,APOLLO HOSPITALS ENTER. L,204141,15440.59
APOLLOPIPE,APOLLO PIPES LIMITED,516366,1963.94
APOLLOTYRE,APOLLO TYRES LTD,582035,2940.23
APOLSINHOT,APOLLO SINDOORI HOTEL LTD,202,3.47
APTECHT,APTECH LIMITED,326299,382.71
APTUS,APTUS VALUE HSG FIN I LTD,2674866,8405.74
ARCHIDPLY,ARCHIDPLY IND. LTD,609,0.62
ARE&M,AMARA RAJA ENERGY MOB LTD,1556776,16398.94
ARIES,ARIES AGRO LTD.,108854,428.97
ARIHANTCAP,ARIHANT CAPITAL MKTS LTD,854878,895.97
ARIHANTSUP,ARIHANT SUPERSTRUCT LTD,135560,576.08
ARISINFRA,ARISINFRA SOLUTIONS LTD,478627,772.14
ARKADE,ARKADE DEVELOPERS LIMITED,2912756,5197.09
ARMANFIN,ARMAN FIN SERV LTD,95942,1576.98
ARROWGREEN,ARROW GREENTECH LIMITED,12509,78.57
ARSSBL,ANAND RATHI SH N STK BR L,615133,4219.00
ARTEMISMED,ARTEMIS MED SERVICE LTD,192582,522.43
ARVIND,ARVIND LIMITED,1006524,3442.76
ARVINDFASN,ARVIND FASHIONS LIMITED,547340,2871.50
ARVSMART,ARVIND SMARTSPACES LTD,147705,963.48
ASAHIINDIA,ASAHI INDIA GLASS LIMITED,89618,812.44
ASAHISONG,ASAHI SONGWON COLOR LTD,467,1.37
ASAL,AUTOMOTIVE STAMPINGS & AS,33397,196.31
ASALCBR,ASSO ALCOHOLS & BREW LTD,159734,1616.69
ASHAPURMIN,ASHAPURA MINECHEM LTD,1457268,7173.53
ASHIANA,ASHIANA HOUSING LTD,81933,259.57
ASHIMASYN,ASHIMA LTD,18563,3.87
ASHOKA,ASHOKA BUILDCON LTD,4446359,9309.08
ASHOKAMET,ASHOKA METCAST LIMITED,18186,3.09
ASHOKLEY,ASHOK LEYLAND LTD,5064570,6960.58
ASIANENE,ASIAN ENERGY SERVICES LTD,558202,1908.99
ASIANPAINT,ASIAN PAINTS LIMITED,351086,9144.14
ASIANTILES,ASIAN GRANITO IND. LTD.,2010921,1351.53
ASKAUTOLTD,ASK AUTOMOTIVE LIMITED,428499,2135.57
ASMS,BARTRONICS INDIA LIMITED,3180,0.46
ASPINWALL,ASPINWALL & CO LTD,126,0.36
ASTEC,ASTEC LIFESCIENCES LTD,377967,3701.95
ASTERDM,ASTER DM HEALTHCARE LTD.,576360,3761.50
ASTRAL,ASTRAL LIMITED,663188,10244.76
ASTRAMICRO,ASTRA MICROWAVE LTD,2210287,20309.22
ASTRAZEN,ASTRAZENECA PHARMA IND LT,28373,2323.95
ATALREAL,ATAL REALTECH LIMITED,1219000,260.78
ATAM,ATAM VALVES LIMITED,1849,2.04
ATGL,ADANI TOTAL GAS LIMITED,1754159,11848.23
ATHERENERG,ATHER ENERGY LIMITED,629121,3936.83
ATL,ALLCARGO TERMINALS LTD,898329,379.21
ATLANTAELE,ATLANTA ELECTRICALS LTD,72462,716.69
ATUL,ATUL LTD,253529,15658.97
ATULAUTO,ATUL AUTO LIMITED,285590,1424.40
AUBANK,AU SMALL FINANCE BANK LTD,466261,3606.34
AURIONPRO,AURIONPRO SOLN LTD,473635,5803.06
AUROPHARMA,AUROBINDO PHARMA LTD,494311,5875.74
AURUM,AURUM PROPTECH LIMITED,225549,407.80
AUTOAXLES,AUTOMOTIVE AXLES LIMITED,24034,431.89
AUTOBEES,NIPPONAMC - NETFAUTO,242032,662.25
AUTOIETF,ICICIPRAMC - ICICIAUTO,854428,234.21
AUTOIND,AUTOLINE INDUSTRIES LTD,66176,52.65
AVADHSUGAR,AVADH SUG & ENERGY LTD,134658,678.16
AVALON,AVALON TECHNOLOGIES LTD,363986,3710.44
AVANTEL,AVANTEL LIMITED,7193564,12731.63
AVANTIFEED,AVANTI FEEDS LIMITED,830517,6350.46
AVG,AVG LOGISTICS LIMITED,1900,5.16
AVL,ADITYA VISION LIMITED,115230,606.14
AVONMORE,AVONMORE CAP&MGT SERV LTD,11580,2.18
AVROIND,AVRO INDIA LIMITED,1258,1.79
AVTNPL,AVT NATURAL PRODUCTS LTD,69118,59.59
AWFIS,AWFIS SPACE SOLUTIONS LTD,783713,4732.18
AWHCL,ANTONY WASTE HDG CELL LTD,264495,1545.43
AWL,AWL AGRI BUSINESS LIMITED,3182578,9022.00
AXISBANK,AXIS BANK LIMITED,774182,9161.39
AXISBNKETF,AXISAMC - AXISBNKETF,669,3.98
AXISBPSETF,AXISAMC - AXISBPSETF,4269,0.56
AXISCADES,AXISCADES TECH LTD,420,7.14
AXISCETF,AXISAMC - AXISCETF,11576,14.67
AXISGOLD,AXIS MF - AXIS GOLD ETF,2893733,2900.72
AXISHCETF,AXISAMC - AXISHCETF,7259,10.52
AXISILVER,AXISAMC - AXISILVER,932656,1509.48
AXISNIFTY,AXISAMC - AXISNIFTY,19188,54.41
AXISTECETF,AXISAMC - AXISTECETF,3641,14.72
AXISVALUE,AXISAMC - AXISVALUE,1836,0.55
AXITA,AXITA COTTON LIMITED,50948,6.56
AXSENSEX,AXISAMC - AXSENSEX,2140,1.84
AYMSYNTEX,AYM SYNTEX LIMITED,21988,42.28
AZAD,AZAD ENGINEERING LIMITED,488234,8208.72
BAIDFIN,BAID FINSERV LIMITED,31629,3.93
BAJAJ-AUTO,BAJAJ AUTO LIMITED,391142,34962.86
BAJAJCON,BAJAJ CONSUMER CARE LTD,2269710,5965.86
BAJAJELEC,BAJAJ ELECT.LTD,477928,2738.81
BAJAJFINSV,BAJAJ FINSERV LTD.,794349,16109.36
BAJAJHCARE,BAJAJ HEALTHCARE LIMITED,928178,4576.04
BAJAJHFL,BAJAJ HOUSING FINANCE LTD,23607048,27850.20
BAJAJHIND,BAJAJ HINDUSTHAN SUGAR LT,25793831,6336.50
BAJAJHLDNG,BAJAJ HOLDINGS & INVS LTD,100467,12675.11
BAJAJINDEF,INDEF MANUFACTURING LTD,10801,40.45
BAJEL,BAJEL PROJECTS LIMITED,226346,462.57
BAJFINANCE,BAJAJ FINANCE LIMITED,3952183,38851.78
BALAJEE,SHREE TIRUPATI BALAJEE L,124272,63.66
BALAJITELE,BALAJI TELEFILMS LIMITED.,284966,357.33
BALAMINES,BALAJI AMINES LIMITED,300628,4742.05
BALAXI,BALAXI PHARMA LTD,71909,42.84
BALKRISIND,BALKRISHNA IND. LTD,146604,3681.02
BALMLAWRIE,BALMER LAWRIE & CO LTD,1650736,3661.46
BALPHARMA,BAL PHARMA LTD.,2611,2.16
BALRAMCHIN,BALRAMPUR CHINI MILLS LTD,1072926,5423.31
BALUFORGE,BALU FORGE INDUSTRIES LTD,313765,2021.76
BANARBEADS,BANARAS BEADS LTD,450,0.61
BANARISUG,BANNARI AMMAN SUGARS LTD,428,15.60
BANCOINDIA,BANCO PRODUCTS (I) LTD,703251,5299.43
BANDHANBNK,BANDHAN BANK LIMITED,17820348,29938.14
BANKBARODA,BANK OF BARODA,6536386,17377.98
BANKBEES,NIP IND ETF BANK BEES,351167,2040.52
BANKBETF,BFAM - BANKBETF,24428,14.33
BANKETF,MIRAEAMC - BANKETF,13379,78.58
BANKETFADD,DSPAMC - DSPBANKETF,4063,2.38
BANKIETF,ICICIPRAMC - IPRU5008,204809,118.90
BANKINDIA,BANK OF INDIA,14444090,18053.35
BANKNIFTY1,KOTAKMAMC-KOTAKBKETF,10020,57.38
BANKPSU,MIRAEAMC - BANKPSU,21980,17.21
BANSALWIRE,BANSAL WIRE INDUSTRIES L,226445,866.42
BANSWRAS,BANSWARA SYNTEX LIMITED,3127,5.05
BASF,BASF INDIA LTD,167616,8610.81
BASML,BANNARI AM SPIN MILL LTD.,26420,9.00
BATAINDIA,BATA INDIA LTD,497840,5850.76
BAYERCROP,BAYER CROPSCIENCE LTD,89700,4522.36
BBETF0432,EDELAMC - BBETF0432,21,0.27
BBL,BHARAT BIJLEE LTD,109188,3189.69
BBNPNBETF,BARODABNP - BBNPNBETF,11,0.01
BBNPPGOLD,BARODABNP - BBNPPGOLD,23945,28.80
BBOX,BLACK BOX LIMITED,928494,5113.58
BBTC,BOMBAY BURMAH TRADING COR,252993,4946.90
BCLIND,BCL INDUSTRIES LIMITED,1651029,709.68
BCONCEPTS,BRAND CONCEPTS LIMITED,24,0.10
BDL,BHARAT DYNAMICS LIMITED,3819189,64196.94
BEARDSELL,BEARDSELL LIMITED,10851,3.76
BECTORFOOD,MRS BECTORS FOOD SPE LTD,182860,2603.99
BEDMUTHA,BEDMUTHA INDUST LTD,6328,8.94
BEL,BHARAT ELECTRONICS LTD,23929844,94366.54
BELLACASA,BELLA CASA FASH AND RET L,10905,44.87
BELRISE,BELRISE INDUSTRIES LTD,11579155,17254.63
BEML,BEML LIMITED,1530835,32678.47
BEPL,BHANSALI ENG. POLYMERS LT,2931121,3361.94
BERGEPAINT,BERGER PAINTS (I) LTD,188467,1068.12
BESTAGRO,BEST AGROLIFE LIMITED,77602,333.61
BFINVEST,BF INVESTMENT LIMITED,98968,521.37
BFSI,MIRAEAMC - MAFSETF,982091,268.16
BFUTILITIE,BF UTILITIES LIMITED,10976,86.06
BGRENERGY,BGR ENERGY SYSTEMS LTD,1,0.00
BHAGCHEM,BHAGIRADHA CHEM & INDS L,715210,2041.82
BHAGERIA,BHAGERIA INDUSTRIES LTD,161873,341.80
BHAGYANGR,BHAGYANAGAR INDIA LIMITED,5810,8.80
BHANDARI,BHANDARI HOSIERY EXP LTD,907045,46.86
BHARATFORG,BHARAT FORGE LTD,552540,7439.80
BHARATGEAR,BHARAT GEARS LTD.,7227,9.24
BHARATRAS,BHARAT RASAYAN LTD,19289,2095.97
BHARATSE,BHARAT SEATS LIMITED,41404,79.51
BHARATWIRE,BHARAT WIRE ROPES LTD.,923767,2045.57
BHARTIARTL,BHARTI AIRTEL LIMITED,625770,12599.53
BHARTIHEXA,BHARTI HEXACOM LIMITED,137667,2518.04
BHEL,BHEL,8085652,20628.77
BIGBLOC,BIGBLOC CONSTRUCTION LTD,68615,65.75
BIKAJI,BIKAJI FOODS INTERN LTD,573732,4382.73
BIOCON,BIOCON LIMITED.,3016384,11747.32
BIRLACABLE,BIRLA CABLE LIMITED,21016,36.27
BIRLACORPN,BIRLA CORPORATION LTD,315004,4058.70
BIRLAMONEY,ADITYA BIRLA MONEY LTD,39177,68.37
BIRLANU,BIRLANU LIMITED,44176,921.33
BLACKBUCK,BLACKBUCK LIMITED,1306708,8644.29
BLAL,BEML LAND ASSETS LIMITED,100052,227.10
BLISSGVS,BLISS GVS PHARMA LTD,720676,1170.85
BLKASHYAP,B.L.KASHYAP & SON LTD,753186,506.65
BLS,BLS INTL SERVS LTD,7417320,27207.73
BLSE,BLS E-SERVICES LIMITED,202467,410.48
BLUEDART,BLUE DART EXPRESS LTD,84986,5473.83
BLUEJET,BLUE JET HEALTHCARE LTD,2500819,17959.65
BLUESTARCO,BLUE STAR LIMITED,265886,5056.30
BLUESTONE,BLUESTONE JEWEL LFSTL LTD,236165,1553.00
BLUSPRING,BLUSPRING ENTERPRISES LTD,251589,209.52
BMWVENTLTD,BMW VENTURES LIMITED,69331,48.90
BODALCHEM,BODAL CHEMICALS LTD,724109,519.27
BOMDYEING,BOMBAY DYEING & MFG. CO L,6557107,10999.81
BORANA,BORANA WEAVES LIMITED,55306,151.21
BOROLTD,BOROSIL LIMITED,391528,1430.47
BORORENEW,BOROSIL RENEWABLES LTD,1875213,11721.71
BOROSCI,BOROSIL SCIENTIFIC LTD,195779,271.49
BOSCHLTD,BOSCH LIMITED,19249,7389.19
BPCL,BHARAT PETROLEUM CORP  LT,2790683,9743.33
BPL,BPL LTD,48884,39.41
BRIGADE,BRIGADE ENTER. LTD,533049,5571.43
BRIGHOTEL,BRIGADE HOTEL VENTURE LTD,180607,153.20
BRITANNIA,BRITANNIA INDUSTRIES LTD,103874,6100.10
BRNL,BHARAT ROAD NETWORK LTD,1400,0.36
BSE,BSE LIMITED,2399258,61766.59
BSE500IETF,ICICIPRAMC - ICICI500,553323,218.31
BSHSL,BOMBAY SUPER HYBRID SEEDS,2918,4.89
BSLGOLDETF,ADITYBIRLA SL GOLD ETF-GR,368488,397.52
BSLNIFTY,ADITYBIRLA SL NIF ETF-GR,144360,42.35
BSLSENETFG,BIRLASLAMC - BSLSENETFG,525,0.44
BSOFT,BIRLASOFT LIMITED,4570632,19928.31
BUTTERFLY,BTRFLY GANDHI APPL LTD,18457,142.25
BYKE,THE BYKE HOSPITALITY LTD,14505,9.89
CAMLINFINE,CAMLIN FINE SCIENCES LTD,2090393,4197.46
CAMPUS,CAMPUS ACTIVEWEAR LIMITED,983664,2815.89
CAMS,COMPUTER AGE MNGT SER LTD,878259,35905.25
CANBK,CANARA BANK,24019611,29378.19
CANFINHOME,CAN FIN HOMES LTD,361165,2963.82
CANTABIL,CANTABIL RETAIL LTD,1330983,3457.24
CAPACITE,CAPACITE INFRAPROJECT LTD,1650558,5479.83
CAPITALSFB,CAPITAL SMALL FIN BANK L,128711,365.07
CAPLIPOINT,CAPLIN POINT LAB LTD.,132340,2752.71
CARBORUNIV,CARBORUNDUM UNIVERSAL LTD,408778,3928.98
CARERATING,CARE RATINGS LIMITED,167548,2884.85
CARRARO,CARRARO INDIA LIMITED,179463,925.58
CARTRADE,CARTRADE TECH LIMITED,1005961,24879.75
CARYSIL,CARYSIL LIMITED,167856,1598.63
CASHIETF,ICICIPRAMC - CASHIETF,217,2.25
CASTROLIND,CASTROL INDIA LIMITED,7936596,16998.07
CCCL,CONS. CONST. CONSORT LTD,9922,2.33
CCL,CCL PRODUCTS (I) LTD,193080,1800.27
CDSL,CENTRAL DEPO SER (I) LTD,5205801,84069.92
CEATLTD,CEAT LIMITED,169248,6648.45
CEIGALL,CEIGALL INDIA LIMITED,656507,1767.95
CELLO,CELLO WORLD LIMITED,705971,4529.92
CEMPRO,CEMINDIA PROJECTS LIMITED,813608,5913.19
CENTENKA,CENTURY ENKA LTD,48936,271.88
CENTRALBK,CENTRAL BANK OF INDIA,38272427,15899.61
CENTRUM,CENTRUM CAPITAL LIMITED,156538,51.34
CENTUM,CENTUM ELECTRONICS LTD,67801,1732.78
CENTURYPLY,CENTURY PLYBOARDS (I) LTD,90212,736.43
CERA,CERA SANITARYWARE LTD,58015,3720.70
CESC,CESC LTD,4322105,7441.35
CEWATER,CONCORD ENVIRO SYSTEMS L,78459,418.22
CGCL,CAPRI GLOBAL CAPITAL LTD,5219341,9754.19
CGPOWER,CG POWER AND IND SOL LTD,4402480,31078.09
CHALET,CHALET HOTELS LIMITED,297116,2784.70
CHAMBLFERT,CHAMBAL FERTILIZERS LTD,4990702,26421.94
CHEMBOND,CHEMBOND MATERIALTECH LTD,473,2.99
CHEMCON,CHEMCON SPECIAL CHEM LTD,248047,642.10
CHEMFAB,CHEMFAB ALKALIS LIMITED,7127,46.97
CHEMPLASTS,CHEMPLAST SANMAR LIMITED,239252,966.98
CHENNPETRO,CHENNAI PETROLEUM CORP LT,887814,7964.04
CHEVIOT,CHEVIOT COMPANY LIMITED,1400,18.14
CHOICEIN,CHOICE INTERNATIONAL LTD,1540508,11781.80
CHOLAFIN,CHOLAMANDALAM IN & FIN CO,284074,4698.37
CHOLAHLDNG,CHOLAMANDALAM FIN HOL LTD,125515,2440.15
CIEINDIA,CIE AUTOMOTIVE INDIA LTD,491836,2231.39
CIFL,CAPITAL INDIA FINANCE LTD,27832,10.36
CIGNITITEC,CIGNITI TECHNOLOGIES LTD,60433,939.03
CIPLA,CIPLA LTD,739453,11537.69
CLEAN,CLEAN SCIENCE & TECH LTD,1229236,15078.26
CLEDUCATE,CL EDUCATE LIMITED,1,0.00
CLSEL,CHAMAN LAL SETIA EXP LTD,247165,743.43
CMSINFO,CMS INFO SYSTEMS LIMITED,926620,3704.34
COALINDIA,COAL INDIA LTD,12265044,48524.09
COASTCORP,COASTAL CORPORATION LTD,20631,8.31
COCHINSHIP,COCHIN SHIPYARD LIMITED,3163989,61837.92
COFFEEDAY,COFFEE DAY ENTERPRISE LTD,43117,21.08
COFORGE,COFORGE LIMITED,849092,15168.39
COHANCE,COHANCE LIFESCIENCES LTD,1354240,10723.40
COLPAL,COLGATE PALMOLIVE LTD.,723247,16989.89
COMMOIETF,ICICIPRAMC - ICICICOMMO,44857,41.21
COMPUSOFT,COMPUCOM SOFTWARE LTD,34581,7.46
COMSYN,COMMERCIAL SYN BAGS LTD,250,0.39
CONCOR,CONTAINER CORP OF IND LTD,4056696,23479.95
CONCORDBIO,CONCORD BIOTECH LIMITED,223630,3762.60
CONFIPET,CONFIDENCE PETRO IND LTD.,3647151,2180.55
CONS,KOTAKMAMC - KOTAKCONS,921,1.18
CONSOFINVT,CONSO. FIN. & HOLD. LTD.,1508,3.36
CONSUMBEES,NIP IND ETF CONSUMPTION,226995,306.42
CONSUMER,MIRAEAMC - CONSUMER,159130,19.40
CONSUMIETF,ICICIPRAMC - ICICICONSU,69992,87.38
CONTROLPR,CONTROL PRINT LIMITED,52692,415.95
CORALFINAC,CORAL INDIA FIN & HOUS LT,2383,1.03
CORDSCABLE,CORDS CABLE INDUS LTD.,8206,15.29
COROMANDEL,COROMANDEL INTERNTL. LTD,170098,3918.50
COSMOFIRST,COSMO FIRST LIMITED,449602,4410.51
CPCAP,CP CAPITAL LIMITED,25,0.10
CPPLUS,ADITYA INFOTECH LIMITED,28486,450.83
CPSEETF,CPSE ETF,2823502,2637.17
CRAFTSMAN,CRAFTSMAN AUTOMATION LTD,31560,2036.60
CREATIVE,CREATIVE NEWTECH LIMITED,318906,2164.20
CREDITACC,CREDITACCESS GRAMEEN LTD,425687,5510.65
CREST,CREST VENTURES LIMITED,28725,120.65
CRISIL,CRISIL LTD,80260,4147.29
CRIZAC,CRIZAC LIMITED,880922,2721.46
CROMPTON,CROMPT GREA CON ELEC LTD,6731359,21052.67
CROWN,CROWN LIFTERS LIMITED,50,0.07
CSBBANK,CSB BANK LIMITED,628990,2440.50
CSLFINANCE,CSL FINANCE LIMITED,7102,22.56
CUB,CITY UNION BANK LTD,1096107,2695.08
CUMMINSIND,CUMMINS INDIA LTD,140477,5760.71
CUPID,CUPID LIMITED,18397130,28166.04
CYBERTECH,CYBERTECH SYSTEMS & SOFTW,1636,3.86
CYIENT,CYIENT LIMITED,850796,10864.44
CYIENTDLM,CYIENT DLM LIMITED,922500,4561.90
DABUR,DABUR INDIA LTD,1267722,6739.25
DALBHARAT,DALMIA BHARAT LIMITED,158673,3394.46
DALMIASUG,DALMIA BHARAT SUG IN LTD,13534,50.23
DAMCAPITAL,DAM CAPITAL ADVISORS LTD,1865995,4721.16
DATAMATICS,DATAMATICS GLOBAL SER LTD,411269,3599.32
DATAPATTNS,DATA PATTERNS INDIA LTD,416349,11907.75
DAVANGERE,DAVANGERE SUGAR COMPANY L,3513926,134.23
DBCORP,D.B.CORP LTD,156435,416.68
DBEIL,DEEPAK BUILDERS & ENG I L,224331,373.23
DBL,DILIP BUILDCON LIMITED,956013,4633.94
DBOL,DHAMPUR BIO ORGANICS LTD,36788,32.64
DBREALTY,VALOR ESTATE LIMITED,5252290,9039.59
DCAL,DISHMAN CARBO AMCIS LTD,600395,1626.63
DCBBANK,DCB BANK LIMITED,3454264,4906.72
DCI,DC INFOTECH AND COMUN LTD,92105,233.38
DCM,DCM LTD,7745,9.32
DCMNVL,DCM NOUVELLE LIMITED,3903,6.57
DCMSHRIRAM,DCM SHRIRAM LIMITED,158463,2093.39
DCMSRIND,DCM SHRIRAM IND LTD,629652,1079.47
DCW,DCW LTD,3905544,2979.51
DCXINDIA,DCX SYSTEMS LIMITED,2972882,7802.46
DDEVPLSTIK,DDEV PLASTIKS IND LTD,347581,1051.51
DECCANCE,DECCAN CEMENTS LIMITED,174858,1685.03
DEEDEV,DEE DEVELOPMENT ENG LTD,314514,836.51
DEEPAKFERT,DEEPAK FERTILIZERS & PETR,733406,9786.85
DEEPAKNTR,DEEPAK NITRITE LTD,685525,13273.75
DEEPINDS,DEEP INDUSTRIES LIMITED,603240,2989.52
DELHIVERY,DELHIVERY LIMITED,2061652,9155.95
DELTACORP,DELTA CORP LIMITED,9493895,8785.29
DEN,DEN NETWORKS LTD,3241477,1261.24
DENORA,DE NORA INDIA LIMITED,7888,71.77
DENTA,DENTA WATER N INFRA SOL L,445121,1842.42
DEVIT,DEV INFO TECHNOLOGY LTD,14373,8.12
DEVX,DEV ACCELERATOR LIMITED,343,0.16
DEVYANI,DEVYANI INTERNATIONAL LTD,10565742,17798.70
DHAMPURSUG,DHAMPUR SUGAR MILLS LTD.,931938,1403.38
DHANBANK,DHANLAXMI BANK LIMITED,443127,123.60
DHANI,DHANI SERVICES LIMITED,1291566,786.59
DHANUKA,DHANUKA AGRITECH LTD,106346,1566.95
DHARMAJ,DHARMAJ CROP GUARD LTD,15269,42.08
DHUNINV,DHUNSERI INVESTMENTS LTD,696,10.65
DIACABS,DIAMOND POWER INFRA LTD,4027692,6072.70
DIAMINESQ,DIAMINES & CHEMICALS LTD,410,1.46
DIAMONDYD,PRATAAP SNACKS LIMITED,1051276,11016.12
DICIND,DIC INDIA LIMITED,363,1.88
DIFFNKG,DIFFUSION ENGINEERS LTD,168898,612.60
DIGISPICE,DIGISPICE TECHNOLOGIES LT,690,0.23
DIGITIDE,DIGITIDE SOLUTIONS LTD,487089,953.36
DISHTV,DISH TV INDIA LTD.,3876562,200.53
DIVGIITTS,DIVGI TORQTRANSFER SYST L,11248,74.39
DIVISLAB,DIVI S LABORATORIES LTD,191397,12430.56
DIVOPPBEES,NIP IND ETF DIV OPP,104760,87.72
DIXON,DIXON TECHNO (INDIA) LTD,398177,63440.17
DLF,DLF LIMITED,4293378,33805.51
DLINKINDIA,D-LINK INDIA LTD,377843,1846.27
DMART,AVENUE SUPERMARTS LIMITED,499985,21413.55
DMCC,DMCC SPECIALITY CHEMICALS,18906,56.82
DODLA,DODLA DAIRY LIMITED,64581,871.39
DOLATALGO,DOLAT ALGOTECH LIMITED,615706,537.70
DOLLAR,DOLLAR INDUSTRIES LIMITED,159203,630.56
DOMS,DOMS INDUSTRIES LIMITED,103276,2731.15
DONEAR,DONEAR IND. LIMITED,31318,33.10
DPABHUSHAN,D. P. ABHUSHAN LIMITED,12459,191.35
DPSCLTD,DPSC LIMITED,45199,8.24
DPWIRES,D P WIRES LIMITED,23366,63.62
DRCSYSTEMS,DRC SYSTEMS INDIA LIMITED,3715,0.78
DREAMFOLKS,DREAMFOLKS SERVICES LTD,66261,109.63
DREDGECORP,DREDGING CORP OF INDIA,119993,954.85
DRREDDY,DR. REDDY S LABORATORIES,617580,7853.77
DSSL,DYNACONS SYS & SOLN LTD,71991,777.99
DTIL,DHUNSERI TEA & IND. LTD.,4248,8.74
DUCON,DUCON INFRATECHNOLOGIES L,156661,9.29
DVL,DHUNSERI VENTURES LIMITED,35031,118.07
DWARKESH,DWARIKESH SUGAR IND LTD,2580893,1352.81
DYCL,DYNAMIC CABLES LIMITED,261702,1101.67
DYNAMATECH,DYNAMATIC TECHNOLOGIES,74705,5597.78
DYNPRO,DYNEMIC PRODUCTS LIMITED,8725,27.12
EASEMYTRIP,EASY TRIP PLANNERS LTD,61754464,7503.01
EBBETF0430,EDELAMC - EBBETF0430,533,8.15
EBBETF0431,EDELAMC - EBBETF0431,337,4.64
EBBETF0433,EDELAMC - EBBETF0433,275,3.50
EBGNG,GNG ELECTRONICS LIMITED,203795,723.87
ECAPINSURE,EDELAMC - ECAPINSURE,154389,36.36
ECLERX,ECLERX SERVICES LTD,48709,2050.24
ECOSMOBLTY,ECOS (INDIA) MOB & HOSP L,254938,695.35
EDELWEISS,EDELWEISS FIN SERV LTD,15171477,16942.14
EFCIL,EFC (I) LIMITED,309291,926.90
EGOLD,EDELAMC - EGOLD,111028,126.72
EICHERMOT,EICHER MOTORS LTD,87638,5849.06
EIDPARRY,EID PARRY INDIA LTD,333860,3503.49
EIEL,ENVIRO INFRA ENGINEERS L,3811289,9661.75
EIHAHOTELS,EIH ASSOCIATED HOTELS LTD,39291,152.56
EIHOTEL,EIH LIMITED,685472,2717.30
EIMCOELECO,EIMCO ELECON (INDIA) LTD,50618,1029.65
EKC,EVEREST KANTO CYLINDERLTD,1136816,1664.75
ELDEHSG,ELDECO HSG & IND LTD.,557,4.49
ELECON,ELECON ENG. CO. LTD,1358953,8163.73
ELECTCAST,ELECTROSTEEL CASTINGS LTD,7940199,8506.36
ELECTHERM,ELECTROTHERM (I) LTD.,13143,128.36
ELGIEQUIP,ELGI EQUIPMENTS LTD,1301780,6740.61
ELIN,ELIN ELECTRONICS LIMITED,177081,360.65
ELLEN,ELLENBARRIE INDUS GASES L,383603,1964.72
ELM250,EDELAMC - ELM250,1000,0.17
EMAMILTD,EMAMI LIMITED,665662,3882.40
EMAMIPAP,EMAMI PAPER MILLS LIMITED,183634,202.79
EMBDL,EMBASSY DEVELOPMENTS LTD,41792794,46782.75
EMCURE,EMCURE PHARMACEUTICALS L,137650,1893.28
EMIL,ELECTRONICS MART IND LTD,2120886,3179.14
EMKAY,EMKAY GLOBAL FIN SERV LTD,72,0.28
EMMBI,EMMBI INDUSTRIES LIMITED,1651,2.03
EMSLIMITED,EMS LIMITED,1288556,7601.89
EMUDHRA,EMUDHRA LIMITED,193239,1353.60
EMULTIMQ,EDELAMC - EMULTIMQ,39632,16.94
ENDURANCE,ENDURANCE TECHNO. LTD.,142291,4018.76
ENGINERSIN,ENGINEERS INDIA LTD,12410235,26499.49
ENIL,ENTERTAIN NET. IND. LTD.,44024,68.97
ENRIN,SIEMENS ENERGY INDIA LTD,276165,9117.69
ENTERO,ENTERO HEALTHCARE SOLU L,411388,4782.62
EPACK,EPACK DURABLE LIMITED,1601865,5541.07
EPACKPEB,EPACK PREFAB TECHN LTD,278680,887.00
EPIGRAL,EPIGRAL LIMITED,257844,4583.85
EPL,EPL LIMITED,2196110,4888.48
EQUAL200,MIRAEAMC - EQUAL200,22519,3.02
EQUAL50ADD,DSPAMC - DSPNEWETF,5857,19.16
EQUITASBNK,EQUITAS SMALL FIN BNK LTD,8413147,5508.12
ERIS,ERIS LIFESCIENCES LIMITED,56905,960.34
ESABINDIA,ESAB INDIA LTD,4996,270.25
ESAFSFB,ESAF SMALL FINANCE BANK L,1838243,627.59
ESCORTS,ESCORTS KUBOTA LIMITED,152847,5533.58
ESG,MIRAEAMC - MAESGETF,17624,7.65
ESILVER,EDELAMC - ESILVER,81420,124.99
ESSENTIA,INTEGRA ESSENTIA LIMITED,175010,3.68
ESTER,ESTER INDUSTRIES LTD,326746,427.72
ETERNAL,ETERNAL LIMITED,21690064,66204.72
ETHOSLTD,ETHOS LIMITED,19888,540.05
EUREKAFORB,EUREKA FORBES LIMITED,145054,843.33
EUROBOND,EURO PANEL PRODUCTS LTD,1785,4.02
EUROPRATIK,EURO PRATIK SALES LIMITED,63054,231.66
EVEREADY,EVEREADY INDS. IND.  LTD.,856296,3318.00
EVERESTIND,EVEREST INDUSTRIES LTD,15894,98.99
EVIETF,ICICIPRAMC - EVIETF,93864,30.07
EVINDIA,MIRAEAMC - EVINDIA,193456,58.91
EXCEL,EXCEL REALTY N INFRA LTD,201,0.00
EXCELINDUS,EXCEL INDUSTRIES LTD,28541,344.41
EXICOM,EXICOM TELE SYSTEMS LTD,850119,1319.04
EXIDEIND,EXIDE INDUSTRIES LTD,6169375,25751.54
EXPLEOSOL,EXPLEO SOLUTIONS LIMITED,85501,979.57
EXXARO,EXXARO TILES LIMITED,150049,12.50
FABTECH,FABTECH TECHNOLOGIES LTD,236082,575.15
FACT,FACT LTD,711043,6934.16
FAIRCHEMOR,FAIRCHEM ORGANICS LIMITED,49128,417.14
FAZE3Q,FAZE THREE LIMITED,50568,265.23
FCL,FINEOTEX CHEMICAL LIMITED,6651296,2155.61
FCSSOFT,FCS SOFTWARE SOLN. LTD.,659293,16.83
FDC,FDC LIMITED,501194,2413.75
FEDERALBNK,FEDERAL BANK LTD,2217032,4755.19
FEDFINA,FEDBANK FINANCIAL SER L,3443410,4911.63
FIBERWEB,FIBERWEB INDIA LIMITED,3198,1.46
FIEMIND,FIEM INDUSTRIES LIMITED,77671,1617.60
FILATEX,FILATEX INDIA LTD,3201292,1803.49
FILATFASH,FILATEX FASHIONS LIMITED,2436325,12.74
FINCABLES,FINOLEX CABLES LTD,1208238,10925.06
FINEORG,FINE ORGANIC IND. LTD.,29600,1415.94
FINIETF,ICICIPRAMC-ICICIFIN,541346,167.77
FINOPB,FINO PAYMENTS BANK LTD,1346769,4117.96
FINPIPE,FINOLEX INDUSTRIES LTD,3284722,7043.61
FIRSTCRY,BRAINBEES SOLUTIONS LTD,2708445,9966.65
FISCHER,FISCHER MEDICAL VENTURE L,1220135,825.07
FIVESTAR,FIVE-STAR BUS FIN LTD,1085499,6924.47
FLAIR,FLAIR WRITING INDUST LTD,253228,827.08
FLEXIADD,DSPAMC - FLEXIADD,1060,0.11
FLUOROCHEM,GUJARAT FLUOROCHEM LTD,488312,18070.50
FMCGIETF,ICICIPRAMC - ICICIFMCG,1961153,1173.06
FMGOETZE,FEDERAL-MOGUL GOETZE (IND,166081,843.11
FOCUS,FOCUS LIGHTG & FIXTRS LTD,7500,5.68
FOODSIN,FOODS & INNS LIMITED,34759,31.14
FORCEMOT,FORCE MOTORS LIMITED,60909,10141.92
FORTIS,FORTIS HEALTHCARE LTD,1420269,13558.76
FOSECOIND,FOSECO INDIA LTD,3419,203.43
FSL,FIRSTSOURCE SOLU. LTD.,1749665,6269.04
FUSION,FUSION FINANCE LIMITED,1665942,3950.69
GABRIEL,GABRIEL INDIA LTD,232203,2331.03
GAEL,GUJARAT AMBUJA EXPORTS LT,1714811,2147.06
GAIL,GAIL (INDIA) LTD,14283706,26816.88
GALAPREC,GALA PRECISION ENG LTD,41692,392.31
GALAXYSURF,GALAXY SURFACTANTS LTD,38797,923.48
GALLANTT,GALLANTT ISPAT LIMITED,350038,2209.97
GANDHAR,GANDHAR OIL REFINE IND L,713339,1196.26
GANDHITUBE,GANDHI SPL. TUBES LTD,24195,211.14
GANECOS,GANESHA ECOSPHERE LIMITED,156977,1973.39
GANESHBE,GANESH BENZOPLAST LIMITED,410227,458.06
GANESHCP,GANESH CONSUMER PRODUCT L,32254,89.68
GANESHHOU,GANESH HOUSING LIMITED,443957,4168.74
GARFIBRES,GARWARE TECH FIBRES LTD,93384,764.50
GARUDA,GARUDA CONSTRUCT N ENG L,713334,1586.79
GATECH,GACM TECHNOLOGIES LIMITED,4000,0.03
GATEWAY,GATEWAY DISTRIPARKS LTD,5188482,3492.39
GEECEE,GEECEE VENTURES LIMITED,3893,14.21
GEEKAYWIRE,GEEKAY WIRES LIMITED,472,0.35
GEMAROMA,GEM AROMATICS LIMITED,279653,580.91
GENESYS,GENESYS INTL CORPN LTD,808716,4833.87
GENUSPAPER,GENUS P&B LIMITED,155586,31.67
GENUSPOWER,GENUS POWER INFRASTRU LTD,3772087,13626.12
GEOJITFSL,GEOJIT FINANCIAL SER L,1871324,1527.83
GESHIP,THE GE SHPG.LTD,740542,8092.38
GFLLIMITED,GFL LIMITED,10478,5.75
GHCL,GHCL LIMITED,405475,2540.06
GHCLTEXTIL,GHCL TEXTILES LIMITED,136866,112.39
GICHSGFIN,GIC HOUSING FINANCE LTD,1302928,2557.42
GICRE,GENERAL INS CORP OF INDIA,2227145,8918.22
GILLETTE,GILLETTE INDIA LTD,55212,5191.40
GILT5YBEES,RELCAPAMC - NETFGILT5Y,3855,2.43
GIPCL,GUJ IND POW CO. LTD,2810640,5532.44
GKENERGY,GK ENERGY LIMITED,185297,356.91
GLAND,GLAND PHARMA LIMITED,180279,3501.85
GLAXO,GLAXOSMITHKLINE PHARMA LT,113228,3272.99
GLENMARK,GLENMARK PHARMACEUTICALS,579193,11164.59
GLOBAL,GLOBAL EDUCATION LIMITED,4500,3.30
GLOBALVECT,GLOBAL VEC HELICORP LTD,2184,5.03
GLOBE,GLOBE ENTERPRISE (I) LTD,8650,0.26
GLOBECIVIL,GLOBE CIVIL PROJECTS LTD,858221,601.49
GLOBUSSPR,GLOBUS SPIRITS LTD,195040,2210.78
GLOSTERLTD,GLOSTER LIMITED,11563,75.36
GLOTTIS,GLOTTIS LIMITED,97399,69.00
GMBREW,G M BREWERIES LTD,101430,1103.62
GMDCLTD,GUJARAT MINERAL DEV CORP,6185906,32617.73
GMMPFAUDLR,GMM PFAUDLER LIMITED,263323,3226.59
GMRAIRPORT,GMR AIRPORTS LIMITED,8971499,8352.44
GMRP&UI,GMR POW AND URBAN INFRA L,11965219,14007.07
GNA,GNA AXLES LIMITED,160874,550.41
GNFC,GUJ NAR VAL FER & CHEM L,1974815,10798.77
GOACARBON,GOA CARBON LIMITED,27787,138.85
GOCLCORP,GOCL CORPORATION LIMITED,348115,1340.31
GOCOLORS,GO FASHION INDIA LTD,215189,1469.07
GODAVARIB,GODAVARI BIOREFINERIES L,45857,123.06
GODFRYPHLP,GODFREY PHILLIPS INDIA LT,636449,21556.06
GODIGIT,GO DIGIT GENERAL INS LTD,206259,739.24
GODREJAGRO,GODREJ AGROVET LIMITED,1017499,7195.06
GODREJCP,GODREJ CONSUMER PRODUCTS,571796,6948.39
GODREJIND,GODREJ INDUSTRIES LTD,194904,2214.97
GODREJPROP,GODREJ PROPERTIES LTD,745085,17143.10
GOKEX,GOKALDAS EXPORTS LTD.,1368434,11769.49
GOKUL,GOKUL REFOILS & SOLV LTD,644,0.28
GOKULAGRO,GOKUL AGRO RESOURCES LTD,407632,779.18
GOLD1,KOTAK GOLD ETF,1117908,1088.24
GOLD360,360ONEAMC - GOLD360,37207,46.43
GOLDBEES,NIP IND ETF GOLD BEES,22718696,22721.25
GOLDCASE,ZERODHAAMC - GOLDCASE,2437677,462.54
GOLDETF,MIRAEAMC - MAGOLDETF,713246,830.26
GOLDETFADD,DSPAMC - DSPGOLDETF,33541,39.73
GOLDIAM,GOLDIAM INTERNATIONAL LTD,1996295,7555.34
GOLDIETF,ICICI PRUDENTIAL GOLD ETF,3777210,3903.05
GOLDSHARE,UTI GOLD ETF,1359399,1169.39
GOLDTECH,AION-TECH SOLUTIONS LTD,1400,0.95
GOODLUCK,GOODLUCK INDIA LIMITED,754262,7617.56
GOPAL,GOPAL SNACKS LIMITED,777332,2783.57
GOYALALUM,GOYAL ALUMINIUMS LIMITED,200,0.01
GPIL,GODAWARI POW & ISP LTD,9373645,22168.78
GPPL,GUJARAT PIPAVAV PORT LTD,8224012,16642.10
GPTHEALTH,GPT HEALTHCARE LIMITED,578808,918.59
GPTINFRA,GPT INFRAPROJECTS LTD,182993,207.65
GRANULES,GRANULES INDIA LIMITED,4544067,24024.17
GRAPHITE,GRAPHITE INDIA LTD,1785916,10299.51
GRASIM,GRASIM INDUSTRIES LTD,319977,8890.03
GRAUWEIL,GRAUER & WEIL IND LTD,2000,1.83
GRAVITA,GRAVITA INDIA LIMITED,546332,9914.86
GREAVESCOT,GREAVES COTTON LTD.,5288748,11663.08
GREENLAM,GREENLAM INDUSTRIES LTD.,91804,236.59
GREENPANEL,GREENPANEL INDUSTRIES LTD,296251,885.85
GREENPLY,GREENPLY INDUSTRIES LTD,432851,1339.41
GREENPOWER,ORIENT GREEN POWER CO LTD,5813090,815.52
GRINDWELL,GRINDWELL NORTON LIMITED,74106,1282.98
GRINFRA,G R INFRAPROJECTS LIMITED,79554,1028.66
GRMOVER,GRM OVERSEAS LIMITED,2654941,10231.25
GROWWDEFNC,GROWWAMC - GROWWDEFNC,865358,711.18
GROWWEV,GROWWAMC - GROWWEV,202296,61.98
GROWWGOLD,GROWWAMC - GROWWGOLD,238852,290.22
GROWWLIQID,GROWWAMC - GROWWLIQID,5089,5.42
GROWWLOVOL,GROWWAMC - GROWWLOVOL,3456,0.36
GROWWMOM50,GROWWAMC - GROWWMOM50,133737,14.51
GROWWN200,GROWWAMC - GROWWN200,20781,2.39
GROWWNET,GROWWAMC - GROWWNET,137913,14.86
GROWWNIFTY,GROWWAMC - GROWWNIFTY,21397,2.24
GROWWNXT50,GROWWAMC - GROWWNXT50,593,0.41
GROWWPOWER,GROWWAMC - GROWWPOWER,151937,15.59
GROWWRAIL,GROWWAMC - GROWWRAIL,3680051,1312.62
GROWWRLTY,GROWWAMC - GROWWRLTY,16149,1.69
GROWWSLVR,GROWWAMC - GROWWSLVR,498642,808.53
GRPLTD,GRP LIMITED,4362,99.39
GRSE,GARDEN REACH SHIP&ENG LTD,1427898,38453.82
GRWRHITECH,GARWARE HI-TECH FILMS LTD,114613,4426.30
GSEC10IETF,ICICIPRAMC - ICICI10GS,1137,2.94
GSEC10YEAR,MIRAEAMC - MAGS813ETF,2,0.00
GSEC5IETF,ICICIPRAMC - ICICI5GSEC,1003,0.64
GSFC,GUJ STATE FERT & CHEM LTD,7518939,15528.75
GSLSU,GLOBAL SURFACES LIMITED,173029,245.91
GSPL,GUJARAT STATE PETRO LTD,783714,2609.30
GSS,GSS INFOTECH LIMITED,192413,47.42
GTL,GTL LTD,97830,12.02
GTLINFRA,GTL INFRA.LTD,8501066,136.33
GTPL,GTPL HATHWAY LIMITED,43049,51.34
GUFICBIO,GUFIC BIOSCIENCES LTD.,130128,472.46
GUJALKALI,GUJARAT ALKALIES & CHEM,362528,2316.08
GUJAPOLLO,GUJ. APOLLO IND. LTD.,2,0.01
GUJGASLTD,GUJARAT GAS LIMITED,736629,3381.74
GUJTHEM,GUJARAT THEMIS BIOSYN LTD,1327438,5518.43
GULFOILLUB,GULF OIL LUB. IND. LTD.,164729,2036.67
GULFPETRO,GP PETROLEUMS LIMITED,60519,25.72
GULPOLY,GULSHAN POLYOLS LIMITED,270131,452.64
GVKPIL,GVK POW. & INFRA LTD.,20000,1.93
GVPIL,GE POWER INDIA LIMITED,480617,1675.92
GVT&D,GE VERNOVA T&D INDIA LTD,180003,5401.33
HAL,HINDUSTAN AERONAUTICS LTD,3374054,159928.29
HAPPSTMNDS,HAPPIEST MINDS TECHNO LTD,2803594,18599.95
HAPPYFORGE,HAPPY FORGINGS LIMITED,101370,1015.52
HARDWYN,HARDWYN INDIA LIMITED,158135,25.40
HARIOMPIPE,HARIOM PIPE INDUSTRIES L,592281,2927.79
HARRMALAYA,HARRISON MALAYALAM LTD,12422,25.85
HARSHA,HARSHA ENGINEERS INT LTD,1059303,4759.93
HATHWAY,HATHWAY CABLE & DATACOM,29252904,4535.09
HATSUN,HATSUN AGRO PRODUCT LTD.,29804,317.22
HAVELLS,HAVELLS INDIA LIMITED,917858,14196.51
HBLENGINE,HBL ENGINEERING LTD,4621065,40892.19
HCC,HINDUSTAN CONSTRUCTION CO,14112570,3977.34
HCG,HEALTHCARE GLOB. ENT. LTD,331212,2107.09
HCL-INSYS,HCL INFOSYSTEMS LTD,425,0.07
HCLTECH,HCL TECHNOLOGIES LTD,1029825,16715.94
HDBFS,HDB FINANCIAL SERVICES L,593398,4458.23
HDFCAMC,HDFC AMC LIMITED,226005,12445.74
HDFCBANK,HDFC BANK LTD,3061168,29082.25
HDFCBSE500,HDFCAMC - HDFCBSE500,9838,3.69
HDFCGOLD,HDFC GOLD ETF,2799820,2857.67
HDFCGROWTH,HDFCAMC - HDFCGROWTH,3837,4.66
HDFCLIFE,HDFC LIFE INS CO LTD,787271,5967.58
HDFCLIQUID,HDFCAMC - HDFCLIQUID,12,0.12
HDFCLOWVOL,HDFCAMC - HDFCLOWVOL,27689,5.78
HDFCMID150,HDFCAMC - HDFCMID150,679307,145.87
HDFCMOMENT,HDFCAMC - HDFCMOMENT,431615,141.88
HDFCNEXT50,HDFCAMC - HDFCNEXT50,67617,47.46
HDFCNIF100,HDFCAMC - HDFCNIF100,37113,9.97
HDFCNIFBAN,HDFCAMC - HDFCNIFBAN,62129,34.99
HDFCNIFIT,HDFCAMC - HDFCNIFIT,170870,64.21
HDFCNIFTY,HDFCAMC - HDFCNIFTY,37434,103.64
HDFCPSUBK,HDFCAMC HDFCPSUBK,20692,16.75
HDFCPVTBAN,HDFCAMC - HDFCPVTBAN,84527,23.71
HDFCQUAL,HDFCAMC - HDFCQUAL,21760,12.77
HDFCSENSEX,HDFCAMC - HDFCSENSEX,18423,16.75
HDFCSILVER,HDFCAMC - HDFCSILVER,6018298,9527.55
HDFCSML250,HDFCAMC - HDFCSML250,2518822,4328.75
HDFCVALUE,HDFCAMC - HDFCVALUE,1447,1.95
HEALTHIETF,ICICIPRAMC - ICICIPHARM,168209,252.87
HEALTHY,BIRLASLAMC - HEALTHY,208094,31.22
HEG,HEG LTD,2160649,11537.66
HEIDELBERG,HEIDELBERGCEMENT (I) LTD,866747,1818.53
HEMIPROP,HEMISPHERE PROP IND LTD,3007634,4638.16
HERANBA,HERANBA INDUSTRIES LTD,132189,435.84
HERCULES,HERCULES INVESTMENTS LTD,28491,56.13
HERITGFOOD,HERITAGE FOODS LTD,1108802,5488.47
HEROMOTOCO,HERO MOTOCORP LIMITED,133023,6972.39
HESTERBIO,HESTER BIOSCIENCES LTD,7934,157.41
HEUBACHIND,HEUBACH COLORANTS IND LTD,40554,221.65
HEXT,HEXAWARE TECHNOLOGIES LTD,367049,2741.03
HFCL,HFCL LIMITED,38686128,34747.19
HGINFRA,H.G.INFRA ENGINEERING LTD,499115,5277.53
HGS,HINDUJA GLOBAL SOLS. LTD.,132836,787.46
HIKAL,HIKAL LIMITED,1297290,4005.92
HILINFRA,HIGHWAY INFRASTRUCTURE L,172681,127.65
HILTON,HILTON METAL FORGING LTD,48779,23.06
HIMATSEIDE,HIMATSINGKA SEIDE LTD,3028914,4365.31
HINDALCO,HINDALCO  INDUSTRIES  LTD,2106040,16034.12
HINDCOMPOS,HINDUSTAN COMPOSITES LTD.,3259,15.28
HINDCON,HINDCON CHEMICALS LIMITED,821,0.26
HINDCOPPER,HINDUSTAN COPPER LTD,17327004,52182.78
HINDMOTORS,HINDUSTAN MOTORS LIMITED,5000,1.07
HINDOILEXP,HINDUSTAN OIL EXPLORATION,4174642,7945.34
HINDPETRO,HINDUSTAN PETROLEUM CORP,1325816,5670.82
HINDUNILVR,HINDUSTAN UNILEVER LTD.,947672,23751.97
HINDWAREAP,HINDWARE HME INOVATON LTD,1710254,5342.76
HINDZINC,HINDUSTAN ZINC LIMITED,9070745,44069.96
HIRECT,HIND RECTIFIER LIMITED,45784,771.57
HISARMETAL,HISAR METAL IND. LIMITED,1099,2.43
HITECH,HI-TECH PIPES LIMITED,7714360,8879.77
HITECHCORP,HITECH CORPORATION LTD,1353,2.75
HLEGLAS,HLE GLASCOAT LIMITED,280311,1474.37
HLVLTD,HLV LIMITED,991226,129.79
HMAAGRO,HMA AGRO INDUSTRIES LTD,713127,233.01
HMVL,HINDUSTAN MEDIA VENT LTD,36899,30.59
HNDFDS,HINDUSTAN FOODS LIMITED,60305,330.75
HNGSNGBEES,NIP IND ETF HANGSENG BEES,442996,2188.33
HOMEFIRST,HOME FIRST FIN CO IND LTD,303410,3781.89
HONASA,HONASA CONSUMER LIMITED,834771,2432.94
HONAUT,HONEYWELL AUTOMATION IND,10230,4003.59
HONDAPOWER,HONDA I POWER PRODUCT LTD,21437,612.29
HPAL,HP ADHESIVES LIMITED,79305,56.61
HPL,HPL ELECTRIC & POWER LTD,698965,3721.72
HSCL,HIMADRI SPECIALITY CHEM L,4895795,23624.18
HTMEDIA,HT MEDIA LIMITED,10000,2.89
HUBTOWN,HUBTOWN LIMITED,3310874,9793.09
HUDCO,HSG & URBAN DEV CORPN LTD,11315628,27550.09
HUHTAMAKI,HUHTAMAKI INDIA LIMITED,1229854,4186.37
HYUNDAI,HYUNDAI MOTOR INDIA LTD,717811,17651.79
ICEMAKE,ICE MAKE REFRIGERAT LTD,29832,241.63
ICICIB22,ICICIPRAMC - BHARATIWIN,321410,358.83
ICICIBANK,ICICI BANK LTD.,3908093,54102.15
ICICIGI,ICICI LOMBARD GIC LIMITED,162141,3284.04
ICICIPRULI,ICICI PRU LIFE INS CO LTD,617911,3938.24
ICIL,INDO COUNT INDUSTRIES LTD,836117,2564.76
ICRA,ICRA LIMITED,6356,410.00
IDBI,IDBI BANK LIMITED,40604516,38853.56
IDEA,VODAFONE IDEA LIMITED,598312940,52664.41
IDEAFORGE,IDEAFORGE TECHNO LTD,1215264,6465.68
IDFCFIRSTB,IDFC FIRST BANK LIMITED,49282581,36010.29
IDFNIFTYET,BANDHANAMC - IDFNIFTYET,2883,7.93
IEX,INDIAN ENERGY EXC LTD,9698646,15385.15
IFBAGRO,IFB AGRO INDUSTRIES LTD,20681,290.08
IFBIND,IFB INDUSTRIES LTD,291713,4866.99
IFCI,IFCI LTD,20844462,12318.77
IFGLEXPOR,IFGL REFRACTORIES LIMITED,38081,105.27
IGARASHI,IGARASHI MOTORS INDIA LTD,183674,1000.36
IGCL,INDOGULF CROPSCIENCES LTD,424448,460.41
IGIL,INTERNATIO GEMM INS (I) L,1157138,4356.80
IGL,INDRAPRASTHA GAS LTD,2412998,5166.77
IGPL,I G PETROCHEMICALS LTD,84172,429.25
IIFL,IIFL FINANCE LIMITED,1725917,8140.19
IIFLCAPS,IIFL CAPITAL SERVICES LTD,2393620,7785.52
IKIO,IKIO TECHNOLOGIES LIMITED,334773,788.56
IKS,INVENTURUS KNOWLEDGE SO L,409964,6584.02
IMAGICAA,IMAGICAAWORLD ENT LTD,2906312,1842.53
IMFA,INDIAN METALS & FERRO,246664,2547.21
IMPAL,IND MOTOR PART & ACC LTD,569,6.45
INDBANK,INDBANK MERCH BANK,11688,4.86
INDGN,INDEGENE LIMITED,1161553,6632.23
INDHOTEL,THE INDIAN HOTELS CO. LTD,4028464,30433.53
INDIACEM,THE INDIA CEMENTS LIMITED,559172,2004.24
INDIAGLYCO,INDIA GLYCOLS LTD,1097245,9256.12
INDIAMART,INDIAMART INTERMESH LTD,106922,2667.54
INDIANB,INDIAN BANK,520493,4010.98
INDIANHUME,INDIAN HUME PIPE CO. LTD.,77695,323.56
INDIASHLTR,INDIA SHELTER FIN CORP L,405401,3343.12
INDIGO,INTERGLOBE AVIATION LTD,373724,21351.13
INDIGOPNTS,INDIGO PAINTS LIMITED,116860,1422.56
INDIQUBE,INDIQUBE SPACES LIMITED,102880,239.03
INDNIPPON,INDIA NIPPON ELECT  LTD,69807,630.47
INDOAMIN,INDO AMINES LIMITED,216514,327.19
INDOBORAX,INDO BORAX & CHEMICAL LTD,2188,4.01
INDOCO,INDOCO REMEDIES LTD.,129400,383.40
INDOFARM,INDO FARM EQUIPMENT LTD,316363,761.80
INDORAMA,INDO RAMA SYNTHETICS LTD,533730,324.69
INDOSTAR,INDOSTAR CAPITAL FIN LTD,1048028,3125.51
INDOTECH,INDO TECH TRANSFORM LTD.,14317,258.66
INDOWIND,INDOWIND ENERGY LTD,16218,2.98
INDRAMEDCO,INDRAPRASTHA MEDICAL CORP,1046297,5886.04
INDSWFTLAB,IND SWIFT LABORATORIES LT,6746,6.95
INDTERRAIN,IND TERRAIN FASHIONS LTD,12279,5.57
INDUSINDBK,INDUSIND BANK LIMITED,3021327,25367.72
INDUSTOWER,INDUS TOWERS LIMITED,3597571,12837.15
INFIBEAM,INFIBEAM AVENUES LIMITED,21721273,4281.31
INFOBEAN,INFOBEANS TECHNO. LTD.,17047,104.38
INFRABEES,NIP IND ETF INFRA BEES,9107,87.14
INFRAIETF,ICICIPRAMC - ICICIINFRA,150482,143.58
INFY,INFOSYS LIMITED,3540414,54677.66
INGERRAND,INGERSOLL-RAND INDIA LTD,75643,2699.56
INNOVACAP,INNOVA CAPTAB LIMITED,72905,630.03
INNOVANA,INNOVANA THINKLABS LTD,8,0.04
INOXGREEN,INOX GREEN ENERGY SER LTD,7383343,18543.40
INOXINDIA,INOX INDIA LIMITED,154412,1868.83
INOXWIND,INOX WIND LIMITED,23833814,38458.96
INSECTICID,INSECTICIDES (I) LTD,119525,959.33
INTELLECT,INTELLECT DESIGN ARENA,792158,8638.23
INTERARCH,INTERARCH BLDNG SOLTN LTD,91389,2208.07
INTERNET,MIRAEAMC - INTERNET,12715,1.83
INTLCONV,INTL CONVEYORS LIMITED,295180,295.33
INVENTURE,INVENTURE GRO & SEC LTD,60183,1.65
IOB,INDIAN OVERSEAS BANK,30924726,13151.28
IOC,INDIAN OIL CORP LTD,13025393,19970.10
IOLCP,IOL CHEM AND PHARMA LTD,6439083,6543.26
IONEXCHANG,ION EXCHANGE (INDIA) LTD,776737,3843.90
IPCALAB,IPCA LABORATORIES LTD,124053,1807.42
IPL,INDIA PESTICIDES LIMITED,1036533,2177.08
IRB,IRB INFRA DEV LTD.,55782898,27558.42
IRCON,IRCON INTERNATIONAL LTD,17205479,34031.39
IRCTC,INDIAN RAIL TOUR CORP LTD,3637674,28217.94
IREDA,INDIAN RENEWABLE ENERGY,24514792,40368.73
IRFC,INDIAN RAILWAY FIN CORP L,47755419,65913.92
IRIS,IRIS BUSINESS SERV LTD,881,2.86
IRMENERGY,IRM ENERGY LIMITED,295576,1032.01
ISFT,INTRASOFT TECH. LTD,256904,278.27
ISGEC,ISGEC HEAVY ENG LTD,194357,2050.73
IT,KOTAKMAMC - KOTAKIT,190248,75.09
ITBEES,NIP IND ETF IT,19766300,7931.53
ITC,ITC LTD,9655484,40560.75
ITCHOTELS,ITC HOTELS LIMITED,8182387,18323.00
ITDC,INDIA TOUR. DEV. CO. LTD.,198343,1291.35
ITETF,MIRAEAMC - ITETF,390744,148.03
ITETFADD,DSPAMC - DSPITETF,23764,9.11
ITI,ITI LTD,1007633,3388.15
ITIETF,ICICIPRAMC - ICICITECH,1164434,470.44
IVALUE,IVALUE INFOSOLUTIONS LTD,256792,810.85
IVC,IL&FS INVESTMENT MANAGERS,245432,26.96
IVP,IVP LTD,1450,2.41
IVZINGOLD,INVESCO INDIA GOLD ETF,276,28.97
IWEL,INOX WIND ENERGY LIMITED,5,0.48
IXIGO,LE TRAVENUES TECHNOLOGY L,1189947,3450.29
IZMO,IZMO LIMITED,228,2.30
J&KBANK,J & K BANK LTD.,16864181,18237.33
JAGRAN,JAGRAN PRAKASHAN LIMITED,720601,529.39
JAGSNPHARM,JAGSONPAL PHARMACEUTICALS,112498,275.33
JAIBALAJI,JAI BALAJI INDUSTRIES LTD,8885231,10139.60
JAICORPLTD,JAI CORP LIMITED,2155076,3611.47
JAINREC,JAIN RESOURCE RECYCLING L,423686,1801.01
JAMNAAUTO,JAMNA AUTO IND LTD,4858080,5237.80
JARO,JARO INS OF TEC MG N RE L,44407,307.77
JASH,JASH ENGINEERING LIMITED,249347,1350.43
JAYAGROGN,JAYANT AGRO ORGANICS LTD,11707,32.19
JAYBARMARU,JAY BHARAT MARUTI LTD,17939,15.48
JAYNECOIND,JAYASWAL NECO INDUSTR LTD,7647948,5005.95
JAYSREETEA,JAYSHREE TEA & INDUSTRIES,38262,41.20
JBCHEPHARM,J B CHEMICALS AND PHARMA,41884,735.04
JBMA,JBM AUTO LIMITED,2599972,17790.31
JCHAC,JOHNSON CONTROLS HITACHI,73037,1337.96
JGCHEM,J.G.CHEMICALS LIMITED,264186,1222.30
JINDALPHOT,JINDAL PHOTO LIMITED,1440,21.12
JINDALPOLY,JINDAL POLY FILMS LIMITED,224615,1386.53
JINDALSAW,JINDAL SAW LIMITED,10226975,21604.53
JINDALSTEL,JINDAL STEEL LIMITED,387681,3997.01
JINDRILL,JINDAL DRILLING IND. LTD,466488,3081.81
JINDWORLD,JINDAL WORLDWIDE LTD,2729874,1223.36
JIOFIN,JIO FIN SERVICES LTD,46625368,143188.37
JISLDVREQS,JAIN DVR EQUITY SHARES,615,0.18
JISLJALEQS,JAIN IRRIGATION SYSTEMS,16267601,9404.53
JITFINFRA,JITF INFRALOGISTICS LTD,631,2.75
JKCEMENT,JK CEMENT LIMITED,71605,4440.33
JKIL,JKUMAR INFR.LTD.,588820,3994.08
JKLAKSHMI,JK LAKSHMI CEMENT LTD,337563,2989.60
JKPAPER,JK PAPER LIMITED,953985,3868.37
JKTYRE,JK TYRE & INDUSTRIES LTD,814398,3314.57
JLHL,JUPITER LIFE LINE HOSP L,17756,265.14
JMA,JULLUNDUR MOT AGENCY LTD,711,0.65
JMFINANCIL,JM FINANCIAL LIMITED,12983672,21025.39
JNKINDIA,JNK INDIA LIMITED,164069,546.07
JOCIL,JOCIL LIMITED,0,0.00
JPOLYINVST,JIND POL INV & FIN CO LTD,4496,43.12
JPPOWER,JAIPRAKASH POWER VEN. LTD,92382627,18726.50
JSFB,JANA SMALL FIN BANK LTD,530890,2593.08
JSL,JINDAL STAINLESS LIMITED,586532,4481.30
JSLL,JEENA SIKHO LIFECARE LTD,364774,2717.49
JSWCEMENT,JSW CEMENT LIMITED,4071355,5635.14
JSWENERGY,JSW ENERGY LIMITED,5561814,29634.59
JSWHL,JSW HOLDINGS LIMITED,864,151.24
JSWINFRA,JSW INFRASTRUCTURE LTD,4428274,13387.66
JSWSTEEL,JSW STEEL LIMITED,554880,6242.21
JTEKTINDIA,JTEKT INDIA LIMITED,460224,802.66
JTLIND,JTL INDUSTRIES LIMITED,16107031,12046.15
JUBLCPL,JUBILANT AGRI N CON PRO L,11,0.26
JUBLFOOD,JUBILANT FOODWORKS LTD,2307858,14761.64
JUBLINGREA,JUBILANT INGREVIA LIMITED,913672,6702.36
JUBLPHARMA,JUBILANT PHARMOVA LTD,540988,6067.17
JUNIORBEES,NIP IND ETF JUNIOR BEES,694419,5143.16
JUNIPER,JUNIPER HOTELS LIMITED,172600,510.12
JUSTDIAL,JUSTDIAL LTD.,984376,8818.03
JWL,JUPITER WAGONS LIMITED,4665531,17243.25
JYOTHYLAB,JYOTHY LABS LIMITED,1345034,4743.79
JYOTICNC,JYOTI CNC AUTOMATION LTD,715428,7568.76
JYOTISTRUC,JYOTI STRUCTURES LTD,25874870,4179.89
KABRAEXTRU,KABRA EXTRUSION TECHNIK L,21346,52.43
KAJARIACER,KAJARIA CERAMICS LTD,634447,7398.76
KAKATCEM,KAKATIYA CEM SUGAR &IND L,136,0.32
KALAMANDIR,SAI SILKS (KALAMANDIR) L,3989407,7396.67
KALPATARU,KALPATARU LIMITED,28330,110.26
KALYANKJIL,KALYAN JEWELLERS IND LTD,4559452,24134.29
KAMATHOTEL,KAMAT HOTELS (I) LTD,100244,282.77
KAMDHENU,KAMDHENU LIMITED,7065901,2183.07
KANORICHEM,KANORIA CHEMICALS & INDUS,8510,9.66
KANSAINER,KANSAI NEROLAC PAINTS LTD,1121058,2858.61
KAPSTON,KAPSTON SERVICES LIMITED,12581,41.58
KARURVYSYA,KARUR VYSYA BANK LTD,1733657,3971.71
KAYNES,KAYNES TECHNOLOGY IND LTD,1024356,66914.39
KCP,KCP LTD,1232443,2659.33
KCPSUGIND,KCP SUGAR IND CORP LTD.,7969,2.79
KDDL,KDDL LIMITED,30478,825.15
KEC,KEC INTL. LIMITED,2530921,20626.50
KECL,KIRLOSKAR ELECTRIC CO LTD,280062,370.33
KEI,KEI INDUSTRIES LTD.,171911,6935.02
KELLTONTEC,KELLTON TECH SOL LTD,6208645,1503.87
KERNEX,KERNEX MICROSYS(I) LTD,166632,2135.30
KESORAMIND,KESORAM INDUSTRIES LTD,198003,11.41
KFINTECH,KFIN TECHNOLOGIES LIMITED,2029037,23742.79
KHADIM,KHADIM INDIA LIMITED,9811,28.22
KHAICHEM,KHAITAN CHEM & FERT LTD,1155131,1335.94
KICL,KALYANI INVEST CO LTD,289,16.29
KILITCH,KILITCH DRUGS INDIA LTD,2398,9.31
KIMS,KRISHNA INST OF MED SCI L,607598,4276.37
KINGFA,KINGFA SCI & TEC IND LTD.,161,7.01
KIOCL,KIOCL LIMITED,69772,335.94
KIRIINDUS,KIRI INDUSTRIES LIMITED,2898857,17325.17
KIRLOSBROS,KIRLOSKAR BROTHERS LTD,193075,3936.29
KIRLOSENG,KIRLOSKAR OIL ENG LTD,277212,2706.72
KIRLOSIND,KIRLOSKAR INDUSTRIES LTD,30390,1191.14
KIRLPNU,KIRLOSKAR PNEUMATIC COM L,140007,1764.94
KITEX,KITEX GARMENTS LTD,597073,1266.40
KKCL,KEWAL KIRAN CLOTHING LTD,195917,999.29
KMEW,KNOWLEDGE MARINE & EN W L,59311,1443.77
KMSUGAR,K M SUGAR MILLS LTD,5101,1.50
KNRCON,KNR CONSTRU LTD.,6680907,14278.55
KOHINOOR,KOHINOOR FOODS LIMITED,2408,0.85
KOKUYOCMLN,KOKUYO CAMLIN LIMITED,153833,188.98
KOLTEPATIL,KOLTE PATIL DEV. LTD.,327818,1443.74
KOPRAN,KOPRAN LTD,409605,702.39
KOTAKBANK,KOTAK MAHINDRA BANK LTD,733158,15488.37
KOTARISUG,KOTHARI SUG & CHEM LTD.,22127,7.60
KOTHARIPET,KOTHARI PETROCHEM LTD,97025,155.84
KOVAI,KOVAI MEDICAL CENTER & HO,50,3.15
KPEL,K.P. ENERGY LIMITED,570797,2512.90
KPIGREEN,KPI GREEN ENERGY LIMITED,2107674,10269.44
KPIL,KALPATARU PROJECT INT LTD,317074,3977.86
KPITTECH,KPIT TECHNOLOGIES LIMITED,1647394,21555.43
KPRMILL,KPR MILL LTD.,618580,6870.74
KRBL,KRBL LIMITED,1252820,4879.37
KRISHANA,KRISHANA PHOSCHEM LIMITED,129037,682.54
KRITINUT,KRITI NUTRIENTS LIMITED,213,0.19
KRN,KRN HEAT EXCHANGE N REF L,767295,6580.71
KRONOX,KRONOX LAB SCIENCES LTD,194331,340.67
KROSS,KROSS LIMITED,913728,1842.01
KRSNAA,KRSNAA DIAGNOSTICS LTD,163935,1329.51
KRYSTAL,KRYSTAL INTEGRATED SER L,35274,221.78
KSB,KSB LIMITED,166396,1354.41
KSCL,KAVERI SEED CO. LTD.,340379,3898.91
KSL,KALYANI STEELS LIMITED,248298,2151.21
KSOLVES,KSOLVES INDIA LIMITED,36961,123.79
KTKBANK,KARNATAKA BANK LIMITED,23559597,44522.35
KUANTUM,KUANTUM PAPERS LIMITED,296404,357.76
LAGNAM,LAGNAM SPINTEX LIMITED,30,0.03
LALPATHLAB,DR. LAL PATH LABS LTD.,64144,2036.89
LAMBODHARA,LAMBODHARA TEXTILES LTD.,13804,19.69
LANCORHOL,LANCOR HOLDINGS LIMITED,5500,1.43
LANDMARK,LANDMARK CARS LIMITED,103647,627.51
LAOPALA,LA OPALA RG LIMITED,290187,790.76
LATENTVIEW,LATENT VIEW ANALYTICS LTD,644741,2938.44
LAURUSLABS,LAURUS LABS LIMITED,4562024,36139.23
LAXMIDENTL,LAXMI DENTAL LIMITED,272165,945.50
LAXMIINDIA,LAXMI INDIA FINANCE LTD,534265,808.36
LEMONTREE,LEMON TREE HOTELS LTD,8027131,13033.63
LGBBROSLTD,LG BALAKRISHNAN & BROS,69089,1099.97
LGEINDIA,LG ELECTRONICS INDIA LTD,521187,8599.57
LGHL,LAXMI GOLDORNA HOUSE LTD,252,0.79
LIBERTSHOE,LIBERTY SHOES LTD,28777,94.28
LICHSGFIN,LIC HOUSING FINANCE LTD,3686475,21882.83
LICI,LIFE INSURA CORP OF INDIA,3389416,30929.00
LICMFGOLD,LIC MF - LIC GOLD ETF,14179,1509.35
LICNETFGSC,LICNAMC - LICNMFET,30570,8.73
LICNETFN50,LICNAMC - LICNFENGP,1479,4.23
LICNFNHGP,LICNAMC - LICNFNHGP,1,0.00
LICNMID100,LICNAMC - LICNMID100,124,0.07
LIKHITHA,LIKHITHA INFRASTRUC LTD,221596,639.24
LINC,LINC LIMITED,12834,24.38
LINCOLN,LINCOLN PHARMA LTD,118342,715.36
LINDEINDIA,LINDE INDIA LIMITED,154882,10116.43
LIQGRWBEES,NIPPONAMC - LIQGRWBEES,1,0.01
LIQUID,MIRAEAMC - LIQUID,17193,171.93
LIQUID1,KOTAKMAMC - KOTAKLIQ,137,1.47
LIQUIDADD,DSPAMC - LIQUIDADD,5419,59.65
LIQUIDBEES,NIP IND ETF LIQUID BEES,12997,129.97
LIQUIDBETF,BFAM - LIQUIDBETF,812,8.58
LIQUIDCASE,ZERODHAAMC - LIQUIDCASE,31155,34.63
LIQUIDETF,DSP LIQUID ETF,242,2.42
LIQUIDIETF,ICICIPRAMC - ICICILIQ,70,0.70
LIQUIDPLUS,MIRAEAMC - LIQUIDPLUS,26,0.27
LIQUIDSBI,SBIAMC - LIQUIDSBI,511,5.11
LIQUIDSHRI,SHRIRAM - LIQUIDSHRI,10,0.11
LLOYDSENGG,LLOYDS ENGG WORK LIMITED,18679263,12130.76
LLOYDSENT,LLOYDS ENTERPRISES LTD,38773635,25596.74
LLOYDSME,LLOYDS METALS N ENERGY L,1794351,23421.83
LMW,LMW LIMITED,20278,3074.55
LODHA,LODHA DEVELOPERS LIMITED,1683409,21604.41
LOKESHMACH,LOKESH MACHINES LTD,11246,23.46
LOTUSDEV,SRI LOTUS DEVLPRS N RTY L,2267647,4227.67
LOVABLE,LOVABLE LINGERIE LTD,6029,7.68
LOWVOL1,KOTAKMAMC - KOTAKLOVOL,7141,1.56
LOWVOLIETF,ICICI PR NIF LW VL 30 ETF,749619,167.38
LT,LARSEN & TOUBRO LTD.,680539,25532.46
LTF,L&T FINANCE LIMITED,3680238,8872.01
LTFOODS,LT FOODS LIMITED,1334103,5812.10
LTGILTBEES,NIP IND ETF LONGTERM GILT,169326,49.20
LTGILTCASE,ZERODHAAMC - LTGILTCASE,4,0.00
LTIM,LTIMINDTREE LIMITED,101840,5771.74
LTTS,L&T TECHNOLOGY SER. LTD.,211019,9408.05
LUMAXIND,LUMAX INDUSTRIES LTD,10299,489.43
LUMAXTECH,LUMAX AUTO TECH LTD,127844,1563.33
LUPIN,LUPIN LIMITED,440350,8870.93
LUXIND,LUX INDUSTRIES LIMITED,172140,2565.74
LXCHEM,LAXMI ORGANIC INDUS LTD,2616782,5778.30
LYKALABS,LYKA LABS LTD,19548,24.44
M&M,MAHINDRA & MAHINDRA LTD,744018,26429.95
M&MFIN,M&M FIN. SERVICES LTD,1739278,5286.55
MAANALU,MAAN ALUMINIUM LIMITED,49027,68.26
MADRASFERT,MADRAS FERTILISERS LTD,457984,426.35
MAFANG,MIRAEAMC - MAFANG,856388,1392.89
MAGADSUGAR,MAGADH SUGAR & ENERGY LTD,15108,103.95
MAGNUM,MAGNUM VENTURES LTD.,11148,3.50
MAHABANK,BANK OF MAHARASHTRA,43474520,25113.64
MAHEPC,MAHINDRA EPC IRRIG LTD,60475,96.19
MAHESHWARI,MAHESHWARI LOGISTICS LTD.,4650,2.87
MAHKTECH,MIRAEAMC - MAHKTECH,3608248,994.08
MAHLIFE,MAHINDRA LIFESPACE DEVLTD,919599,4081.01
MAHLOG,MAHINDRA LOGISTIC LIMITED,516711,1820.94
MAHSCOOTER,MAHARASHTRA SCOOTERS LTD,7147,965.27
MAHSEAMLES,MAHARASHTRA SEAMLESS LTD,1020763,6868.55
MAITHANALL,MAITHAN ALLOYS LTD,235905,2648.43
MAKEINDIA,MIRAEAMC - MAMFGETF,31418,47.32
MALLCOM,MALLCOM (INDIA) LIMITED,4278,57.51
MAMATA,MAMATA MACHINERY LIMITED,610214,2846.94
MANAKCOAT,MAN COAT METAL & IND LTD,176237,273.81
MANAKSIA,MANAKSIA LTD.,17188,14.68
MANALIPETC,MANALI PETROCHEMICALS LT,615075,464.71
MANAPPURAM,MANAPPURAM FINANCE LTD,4225248,11312.46
MANBA,MANBA FINANCE LIMITED,195644,283.49
MANCREDIT,MANGAL CREDIT N FINCORP L,47815,85.83
MANGALAM,MANGALAM DRUG & CHEM LTD,5400,4.81
MANGCHEFER,MANG.CHEM.FERT.LTD,33716,116.79
MANGLMCEM,MANGALAM CEMENT LTD,1046962,7970.37
MANINDS,MAN INDUSTRIES (I) LTD.,569083,2331.80
MANINFRA,MAN INFRA LTD,2144582,3508.64
MANKIND,MANKIND PHARMA LIMITED,371382,8992.92
MANORAMA,MANORAMA INDUSTRIES LTD,297100,4282.58
MANYAVAR,VEDANT FASHIONS LIMITED,784472,5776.01
MAPMYINDIA,C.E. INFO SYSTEMS LIMITED,199930,3747.91
MARALOVER,MARAL OVERSEAS LTD,1027,0.54
MARATHON,MARATHON NXTGEN REALT LTD,1683642,10597.05
MARICO,MARICO LIMITED,286209,2084.51
MARINE,MARINE ELECTRICAL (I) LTD,192223,455.08
MARKOLINES,MARKOLINES PAVEMENT TEC L,33,0.05
MARKSANS,MARKSANS PHARMA LIMITED,4478917,9053.90
MARUTI,MARUTI SUZUKI INDIA LTD.,100135,15492.85
MASFIN,MAS FINANCIAL SERV LTD,325811,996.48
MASPTOP50,MIRAEAMC - MASPTOP50,535393,351.20
MASTEK,MASTEK LTD,437603,10520.15
MASTERTR,MASTER TRUST LIMITED,744032,974.93
MATRIMONY,MATRIMONY.COM LIMITED,19100,103.29
MAWANASUG,MAWANA SUGARS LIMITED,11136,11.60
MAXESTATES,MAX ESTATES LIMITED,283212,1402.42
MAXHEALTH,MAX HEALTHCARE INS LTD,877108,10280.75
MAXIND,MAX INDIA LIMITED,28272,60.53
MAYURUNIQ,MAYUR UNIQUOTERS LTD,176794,965.27
MAZDA,MAZDA LIMITED,29841,87.15
MAZDOCK,MAZAGON DOCK SHIPBUIL LTD,3959098,119183.37
MBAPL,MADHYA BHARAT AGRO P. LTD,157909,662.53
MBEL,M AND B ENGINEERING LTD,331831,1502.33
MBLINFRA,MBL INFRASTRUCTURE LTD,131917,57.01
MCLEODRUSS,MCLEOD RUSSEL INDIA LTD.,50822,17.23
MCLOUD,MAGELLANIC CLOUD LIMITED,6429808,4200.64
MCX,MULTI COMMODITY EXCHANGE,333546,30318.78
MEDANTA,GLOBAL HEALTH LIMITED,316865,4103.46
MEDIASSIST,MEDI ASSIST HEALTH SER L,257366,1347.12
MEDICAMEQ,MEDICAMEN BIOTECH LIMITED,14251,69.06
MEDICO,MEDICO REMEDIES LIMITED,2595,1.08
MEDPLUS,MEDPLUS HEALTH SERV LTD,447096,3620.98
MEGASOFT,MEGASOFT LTD,12187,26.23
MEGASTAR,MEGASTAR FOODS LIMITED,40,0.12
MEIL,MANGAL ELECTRICAL IND L,48331,218.97
MENONBE,MENON BEARINGS LIMITED,10187,14.37
METAL,MIRAEAMC - METAL,1175750,122.70
METALIETF,ICICIPRAMC - METALIETF,11901029,1255.84
METROBRAND,METRO BRANDS LIMITED,57675,701.22
METROPOLIS,METROPOLIS HEALTHCARE LTD,100254,2040.35
MFSL,MAX FINANCIAL SERV LTD,124117,2044.61
MGEL,MANGALAM GLOBAL ENT LTD,1233707,206.19
MGL,MAHANAGAR GAS LTD.,768378,10471.49
MHLXMIRU,MAHALAXMI RUBTECH LIMITED,3,0.01
MHRIL,MAHINDRA HOLIDAYS LTD,312510,1110.77
MICEL,MIC ELECTRONICS LTD,1376005,881.72
MID150,KOTAKMAMC - MID150,4613,1.02
MID150BEES,NIP IND ETF MIDCAP 150,1160475,2600.81
MID150CASE,ZERODHAAMC - MID150CASE,1811875,199.00
MIDCAP,KOTAKMAMC - KOTAKMID50,62825,107.23
MIDCAPETF,MIRAEAMC - MAM150ETF,6665785,1472.04
MIDCAPIETF,ICICIPRAMC - ICICIM150,4709319,1053.19
MIDHANI,MISHRA DHATU NIGAM LTD,2810260,11354.92
MIDQ50ADD,DSPAMC - DSPQ50ETF,30628,77.73
MIDSELIETF,ICICI PRUD MIDCAP SEL ETF,553877,100.04
MIDSMALL,MIRAEAMC - MIDSMALL,705394,347.54
MINDACORP,MINDA CORPORATION LTD,473119,2693.22
MINDTECK,MINDTECK (INDIA) LIMITED,31932,87.85
MIRCELECTR,MIRC ELECTRONICS LTD,326,0.06
MIRZAINT,MIRZA INTERNATIONAL LIMIT,287962,117.73
MITTAL,MITTAL LIFE STYLE LIMITED,52266,0.72
MMFL,MM FORGINGS LTD,250085,901.58
MMP,MMP INDUSTRIES LIMITED,39751,111.31
MMTC,MMTC LIMITED,3636531,2555.64
MNC,KOTAKMAMC - KOTAKMNC,172737,53.62
MOALPHA50,MOTILALAMC - MOALPHA50,40,0.02
MOBIKWIK,ONE MOBIKWIK SYSTEMS LTD,2772138,7793.77
MOCAPITAL,MOTILALAMC - MOCAPITAL,1084066,504.06
MODEFENCE,MOTILALAMC - MODEFENCE,6746591,6041.32
MODISONLTD,MODISON LIMITED,44446,75.27
MOGOLD,MOTILALAMC - MOGOLD,30742,37.94
MOGSEC,MOTILALAMC - G5,1320,0.82
MOHEALTH,MOTILALAMC - MOHEALTH,59840,27.03
MOIL,MOIL LIMITED,3274556,12379.42
MOINFRA,MOTILALAMC - MOINFRA,106,0.06
MOKSH,MOKSH ORNAMENTS LIMITED,704123,99.72
MOL,MEGHMANI ORGANICS LIMITED,4751997,4084.21
MOLDTECH,MOLD-TEK TECHNOLOGIES LTD,36308,77.29
MOLDTKPAC,MOLD-TEK PACKAGING LTD,165961,1189.16
MOLOWVOL,MOTILALAMC - MOLOWVOL,3981,1.53
MOM100,MOTILAL OS MIDCAP100 ETF,1113947,703.74
MOM30IETF,ICICIPRAMC - ICICIMOM30,1969461,641.87
MOM50,MOTILAL OSWAL M50 ETF,8738,22.85
MOMENTUM,BIRLASLAMC - MOMENTUM,47163,14.95
MOMENTUM50,MOTILALAMC - MOMENTUM50,1443606,753.50
MOMIDMTM,MOTILALAMC - MOMIDMTM,1313,0.82
MOMOMENTUM,MOTILALAMC - MOMOMENTUM,239183,163.81
MON100,MOTILAL OS NASDAQ100 ETF,2267828,5237.83
MON50EQUAL,MOTILALAMC - MON50EQUAL,43,0.01
MONARCH,MONARCH NETWORTH CAP LTD,344872,1231.65
MONEXT50,MOTILALAMC - MONEXT50,8,0.01
MONIFTY500,MOTILALAMC - MONIFTY500,508131,120.73
MONQ50,MOTILALAMC - MONQ50,596069,582.56
MONTECARLO,MONTE CARLO FASHIONS LTD.,43550,327.35
MOQUALITY,MOTILALAMC - MOQUALITY,320,0.62
MOREALTY,MOTILALAMC - MOREALTY,2823601,2639.63
MOREPENLAB,MOREPEN LAB. LTD,13920545,8093.67
MOSCHIP,MOSCHIP TECHNOLOGIES LTD,1923792,4511.46
MOSILVER,MOTILALAMC - MOSILVER,27800,47.89
MOSMALL250,MOTILALAMC - MOSMALL250,2795061,481.65
MOTHERSON,SAMVRDHNA MTHRSN INTL LTD,14991879,16182.60
MOTILALOFS,MOTILAL OSWAL FIN LTD,1462982,13613.75
MOTISONS,MOTISONS JEWELLERS LTD,5644499,1049.04
MOVALUE,MOTILALAMC - MOVALUE,184766,197.73
MPHASIS,MPHASIS LIMITED,198292,5595.37
MPSLTD,MPS LIMITED,96315,2189.93
MRF,MRF LTD,4485,6466.39
MRPL,MRPL,7689403,13082.84
MSCIINDIA,KOTAKMAMC - MSCIINDIA,13040,3.74
MSPL,MSP STEEL & POWER LTD.,1030294,364.69
MSTCLTD,MSTC LIMITED,1338017,7493.84
MSUMI,MOTHERSON SUMI WRNG IND L,8411835,3871.05
MTARTECH,MTAR TECHNOLOGIES LIMITED,310947,7170.20
MTNL,MAHANAGAR TELEPHONE NIGAM,6236676,2957.73
MUFIN,MUFIN GREEN FINANCE LTD,1897865,2116.94
MUFTI,CREDO BRANDS MARKETING L,457643,584.97
MUKANDLTD,MUKAND LTD.,439688,635.34
MUKKA,MUKKA PROTEINS LIMITED,516042,154.15
MULTICAP,MIRAEAMC - MULTICAP,85631,13.55
MUNJALAU,MUNJAL AUTO IND. LTD.,519867,510.78
MUNJALSHOW,MUNJAL SHOWA LTD,103631,150.44
MURUDCERA,MURUDESHWAR CERAMICS LTD,6575,3.20
MUTHOOTCAP,MUTHOOT CAP SERV LTD,20787,63.91
MUTHOOTFIN,MUTHOOT FINANCE LIMITED,96062,3191.42
MUTHOOTMF,MUTHOOT MICROFIN LIMITED,620261,1004.16
MVGJL,MANOJ VAIBHAV GEM N JEW L,220325,487.07
MWL,MANGALAM WORLDWIDE LTD,6885,15.70
NACLIND,NACL INDUSTRIES LIMITED,2882,2.92
NAGAFERT,NAGARJUN FERT AND CHE LTD,55922,3.39
NAHARINDUS,NAHAR INDS ENT LTD,12700,16.73
NAHARPOLY,NAHAR POLY FILMS LIMITED,7150,20.42
NAHARSPING,NAHAR SPINNING MILLS LTD.,88277,205.24
NAM-INDIA,NIPPON L I A M LTD,756469,6406.97
NATCAPSUQ,NATURAL CAPSULES LIMITED,200,0.45
NATCOPHARM,NATCO PHARMA LTD.,2239843,21845.26
NATHBIOGEN,NATH BIO-GENES (I) LTD,2545,5.44
NATIONALUM,NATIONAL ALUMINIUM CO LTD,7415342,16407.70
NAUKRI,INFO EDGE (I) LTD,548668,7811.26
NAVA,NAVA LIMITED,2091994,12367.39
NAVINFLUOR,NAVIN FLUORINE INT. LTD,55192,2833.08
NAVKARCORP,NAVKAR CORPORATION LTD.,1887741,2287.18
NAVNETEDUL,NAVNEET EDUCATION LTD,715397,1122.22
NAZARA,NAZARA TECHNOLOGIES LTD,31742378,90985.40
NBCC,NBCC (INDIA) LIMITED,20406765,23150.98
NCC,NCC LIMITED,15162699,33197.03
NCLIND,NCL INDUSTRIES LIMITED,419554,892.77
NDL,NANDAN DENIM LIMITED,391273,14.57
NDRAUTO,NDR AUTO COMPONENTS LTD,36937,376.11
NDTV,NDTV LTD,91837,89.81
NECCLTD,NORTH EAST CARRY CORP LTD,11832,2.56
NECLIFE,NECTAR LIFESCIENCES LTD.,25492,5.03
NELCAST,NELCAST LIMITED,81866,121.15
NELCO,NELCO LTD,515516,4799.55
NEOGEN,NEOGEN CHEMICALS LIMITED,199266,2928.56
NESCO,NESCO LTD.,245513,3042.92
NESTLEIND,NESTLE INDIA LIMITED,494316,6126.38
NETF,TATAAML - NETF,6052,16.33
NETWEB,NETWEB TECH INDIA LTD,508856,17937.05
NETWORK18,NETWORK18 MEDIA & INV LTD,21136771,11581.69
NEULANDLAB,NEULAND LAB LTD.,57642,8853.60
NEWGEN,NEWGEN SOFTWARE TECH LTD,1173474,12004.35
NEXT30ADD,DSPAMC - NEXT30ADD,2940,1.16
NEXT50,MIRAEAMC - MANXT50,16627,117.10
NEXT50IETF,ICICIPRAMC - ICICINXT50,940973,687.03
NFL,NATIONAL FERT. LTD,9049213,9387.06
NH,NARAYANA HRUDAYALAYA LTD.,479547,9135.53
NHPC,NHPC LTD,38080188,33895.86
NIACL,THE NEW INDIA ASSU CO LTD,3382303,7076.50
NIBE,NIBE LIMITED,35524,447.24
NIF100BEES,NIP IND ETF NIFTY 100,24803,67.58
NIF100IETF,ICICI PRUD NIFTY 100 ETF,225443,64.92
NIF10GETF,UTIAMC - NIF10GETF,2350,0.62
NIF5GETF,UTIAMC - NIF5GETF,11588,7.38
NIFMID150,UTIAMC - NIFMID150,17900,39.29
NIFTY1,KOTAK NIFTY ETF,36519,101.75
NIFTY100EW,KOTAKMAMC - NIFTY100EW,18304,6.24
NIFTY50ADD,DSPAMC - DSPN50ETF,4975,12.80
NIFTYBEES,NIP IND ETF NIFTY BEES,4310502,12214.60
NIFTYBETF,BFAM - NIFTYBETF,1035,2.72
NIFTYCASE,ZERODHAAMC - NIFTYCASE,13699,1.41
NIFTYETF,MIRAEAMC - MAN50ETF,93299,251.07
NIFTYIETF,ICICI PRUD NIFTY ETF,409173,1134.65
NIFTYQLITY,BIRLASLAMC - NIFTYQLITY,13485,2.84
NIITLTD,NIIT LIMITED,2806894,3936.32
NIITMTS,NIIT LEARNING SYSTEMS LTD,121854,433.94
NILAINFRA,NILA INFRASTRUCTURES LTD,52744,6.56
NILASPACES,NILA SPACES LIMITED,1419,0.24
NILKAMAL,NILKAMAL LIMITED,9764,161.40
NINSYS,NINTEC SYSTEMS LIMITED,2350,12.27
NIPPOBATRY,INDO-NATIONAL LIMITED,200,0.86
NITCO,NITCO LIMITED,1690725,1898.21
NITINSPIN,NITIN SPINNERS LIMITED,298565,1091.28
NIVABUPA,NIVA BUPA HEALTH INS CO L,6262210,5201.82
NLCINDIA,NLC INDIA LIMITED,5284331,13074.41
NMDC,NMDC LTD.,27233353,20487.51
NOCIL,NOCIL LIMITED,2450531,5049.81
NORTHARC,NORTHERN ARC CAPITAL LTD,3175174,8104.27
NOVAAGRI,NOVA AGRITECH LIMITED,22573,12.47
NPBET,TATAAML - NPBET,1116,3.19
NPST,NETWORK PEOPLE SRV TECH L,46099,899.94
NRBBEARING,NRB BEARING LIMITED,477080,1412.48
NRL,NUPUR RECYCLERS LIMITED,31193,24.48
NSIL,NALWA SONS INVESTMENT LTD,3442,257.87
NSLNISP,NMDC STEEL LIMITED,22299841,10055.57
NTPC,NTPC LTD,8875546,30578.67
NTPCGREEN,NTPC GREEN ENERGY LIMITED,16468504,17306.56
NUCLEUS,NUCLEUS SOFTWARE EXPORTS,65107,732.40
NUVAMA,NUVAMA WEALTH MANAGE LTD,100297,7064.94
NUVOCO,NUVOCO VISTAS CORP LTD,833102,3440.14
NV20,KOTAKMAMC - KTKNV20ETF,4220,6.45
NV20BEES,NIP IND ETF ETF NV20,15803,23.56
NV20IETF,ICICI PRUDENTIAL NV20 ETF,645417,94.22
NYKAA,FSN E COMMERCE VENTURES,1837063,4488.36
OAL,ORIENTAL AROMATICS LTD,21785,97.95
OBCL,ORISSA BENGAL CARRIER LTD,1382,0.84
OBEROIRLTY,OBEROI REALTY LIMITED,378869,6901.19
OCCL,ORIENTAL CARBN & CHEM LTD,616,1.93
OCCLLTD,OCCL LIMITED,20101,24.34
OFSS,ORACLE FIN SERV SOFT LTD.,308227,27070.74
OIL,OIL INDIA LTD,2802950,12721.36
OILCOUNTUB,OIL COUNTRY TUBULAR LTD,1938,1.21
OILIETF,ICICIPRAMC - OILIETF,1639866,195.87
OLAELEC,OLA ELECTRIC MOBILITY LTD,2726928,1653.84
OLECTRA,OLECTRA GREENTECH LIMITED,2176798,32636.71
OMAXAUTO,OMAX AUTOS LTD,4002,3.96
OMAXE,OMAXE LIMITED,432856,389.12
OMFREIGHT,OM FREIGHT FORWARDERS LTD,18889,18.30
OMINFRAL,OM INFRA LIMITED,522410,609.54
ONEPOINT,ONE POINT ONE SOL LTD,1742199,851.78
ONESOURCE,ONESOURCE SPECL PHARMA L,225652,4439.90
ONGC,OIL AND NATURAL GAS CORP.,10720418,27512.63
ONMOBILE,ONMOBILE GLOBAL LTD.,1373130,903.42
ONWARDTEC,ONWARD TECHNOLOGIES LTD,40044,118.59
OPTIEMUS,OPTIEMUS INFRACOM LTD,646077,3806.62
ORCHPHARMA,ORCHID PHARMA LIMITED,212388,1737.05
ORICONENT,ORICON ENTERPRISES LTD,143222,75.02
ORIENTBELL,ORIENT BELL LIMITED,759,3.18
ORIENTCEM,ORIENT CEMENT LTD.,2742512,6326.19
ORIENTCER,ORIENT CERATECH LIMITED,54462,21.00
ORIENTELEC,ORIENT ELECTRIC LIMITED,401357,829.20
ORIENTHOT,ORIENT HOTELS LTD,2566598,3475.20
ORIENTPPR,ORIENT PAPER AND INDS LTD,3031882,977.46
ORIENTTECH,ORIENT TECHNOLOGIES LTD,608945,2637.72
ORISSAMINE,ORISSA MIN DEV CO LTD,41575,2408.55
OSWALAGRO,OSWAL AGRO MILLS LTD,122578,102.92
OSWALGREEN,OSWAL GREENTECH LIMITED,340002,139.49
OSWALPUMPS,OSWAL PUMPS LIMITED,689907,5034.51
PACEDIGITK,PACE DIGITEK LIMITED,393967,872.13
PAGEIND,PAGE INDUSTRIES LTD,14872,6282.35
PAISALO,PAISALO DIGITAL LIMITED,17817052,6597.01
PAKKA,PAKKA LIMITED,262799,433.12
PANACEABIO,PANACEA BIOTEC LTD,441218,1830.40
PANAMAPET,PANAMA PETROCHEM LTD,115796,378.72
PANCARBON,PANA CARBON IND CO LTD,100,0.50
PARACABLES,PARAMOUNT COMM LTD,2338381,1237.01
PARADEEP,PARADEEP PHOSPHATES LTD,9804373,17597.02
PARAGMILK,PARAG MILK FOODS LTD.,3626046,8347.62
PARAS,PARAS DEF AND SPCE TECH L,748333,5681.23
PARKHOTELS,PARKHOTELS,4531268,6917.05
PARSVNATH,PARSVNATH DEVELOPER LTD,304318,46.62
PASUPTAC,PASUPATI ACRYLON LIMITED,5050,2.63
PATANJALI,PATANJALI FOODS LIMITED,3355312,20342.12
PATELENG,PATEL ENGINEERING LTD.,5804158,2444.52
PATELRMART,PATEL RETAIL LIMITED,300534,683.69
PATINTLOG,PATEL INT. LOG. LTD,102610,17.59
PAVNAIND,PAVNA INDUSTRIES LIMITED,35483,14.24
PAYTM,ONE 97 COMMUNICATIONS LTD,1502605,15471.34
PCBL,PCBL CHEMICAL LIMITED,4632839,18406.28
PCJEWELLER,PC JEWELLER LTD,91105067,11941.63
PDMJEPAPER,PUDUMJEE PAPER PRO. LTD,131620,158.68
PDSL,PDS LIMITED,431908,1704.04
PEARLPOLY,PEARL POLYMERS LTD,1332,0.39
PEL,PIRAMAL ENTERPRISES LTD,7,0.08
PENIND,PENNAR INDUSTRIES LTD,1939631,4439.77
PENINLAND,PENINSULA LAND LIMITED,174105,61.36
PERSISTENT,PERSISTENT SYSTEMS LTD,143922,8311.39
PETRONET,PETRONET LNG LIMITED,2961927,8675.04
PFC,POWER FIN CORP LTD.,20585834,83681.62
PFIZER,PFIZER LTD,63597,3388.53
PFOCUS,PRIME FOCUS LIMITED,972685,1702.99
PFS,PTC INDIA FIN SERV LTD,2468768,976.44
PGEL,PG ELECTROPLAST LTD,2854191,15837.54
PGHH,P&G HYGIENE & HEALTH CARE,8971,1228.56
PGHL,PROCTER & GAMBLE HEALTH L,15931,973.38
PGIL,PEARL GLOBAL IND LIMITED,119962,1897.47
PHARMABEES,NIPPONAMC - NETFPHARMA,5660600,1283.23
PHOENIXLTD,THE PHOENIX MILLS LTD,137161,2308.09
PICCADIL,PICCADILY AGRO INDUSTRI L,315927,2138.06
PIDILITIND,PIDILITE INDUSTRIES LTD,449859,6801.99
PIIND,PI INDUSTRIES LTD,179350,6685.07
PILANIINVS,PILANI INV & IND COR LTD,4281,228.07
PILITA,PIL ITALICA LIFESTYLE LTD,70649,10.11
PIRAMALFIN,PIRAMAL FINANCE LIMITED,209,3.35
PITTIENG,PITTI ENGINEERING LIMITED,150308,1494.54
PIXTRANS,PIX TRANSMISSIONS LIMITED,31852,492.54
PLASTIBLEN,PLASTIBLENDS INDIA LTD,1550,3.06
PLATIND,PLATINUM INDUSTRIES LTD,467526,1406.97
PLAZACABLE,PLAZA WIRES LIMITED,16294,8.25
PNB,PUNJAB NATIONAL BANK,27628869,30987.88
PNBGILTS,PNB GILTS LIMITED,4001876,4100.96
PNBHOUSING,PNB HOUSING FIN LTD.,1951561,17862.30
PNCINFRA,PNC INFRATECH LTD.,1778147,5557.87
PNGJL,P N GADGIL JEWELLERS LTD,741615,4681.15
POCL,PONDY OXIDES & CHEM LTD,356778,4709.56
POKARNA,POKARNA LIMITED,225106,2024.47
POLICYBZR,PB FINTECH LIMITED,289795,5284.24
POLYCAB,POLYCAB INDIA LIMITED,156263,10544.19
POLYMED,POLY MEDICURE LIMITED,285459,6124.70
POLYPLEX,POLYPLEX CORPORATION LTD,342807,3913.62
PONNIERODE,PONNIE SUGARS (ERODE) LTD,20186,63.88
POONAWALLA,POONAWALLA FINCORP LTD,5115767,23993.87
POWERGRID,POWER GRID CORP. LTD.,7059993,20480.41
POWERINDIA,HITACHI ENERGY INDIA LTD,34600,6815.78
POWERMECH,POWER MECH PROJECTS LTD.,348372,9730.34
PPL,PRAKASH PIPES LIMITED,238390,817.71
PPLPHARMA,PIRAMAL PHARMA LIMITED,8983717,18425.03
PRABHA,PRABHA ENERGY LIMITED,27989,60.57
PRAJIND,PRAJ INDUSTRIES LTD,4907422,21178.84
PRAKASH,PRAKASH INDUSTRIES LTD,4068997,6593.08
PRAKASHSTL,PRAKASH STEELAGE LTD,1080,0.09
PRECAM,PRECISION CAMSHAFTS LTD.,722742,1526.30
PRECWIRE,PRECISION WIRES INDIA LTD,484557,1027.48
PREMEXPLN,PREMIER EXPLOSIVES LTD,994002,5899.48
PREMIERENE,PREMIER ENERGIES LIMITED,4810479,50676.65
PREMIERPOL,PREMIER POLYFILM LTD,7976,3.85
PRESTIGE,PRESTIGE ESTATE LTD,299519,5022.62
PRICOLLTD,PRICOL LIMITED,429664,2301.05
PRIMESECU,PRIME SECURITIES LIMITED,855100,2328.79
PRIMO,PRIMO CHEMICALS LIMITED,9219,2.41
PRINCEPIPE,PRINCE PIPES FITTINGS LTD,885973,3136.36
PRITI,PRITI INTERNATIONAL LTD,477,0.41
PRITIKAUTO,PRITIKA AUTO INDUS LTD,57368,12.93
PRIVISCL,PRIVI SPECIALITY CHE LTD,319465,7959.15
PROSTARM,PROSTARM INFO SYSTEMS LTD,540360,1062.43
PROTEAN,PROTEAN EGOV TECHNO LTD,1258365,12031.07
PROZONER,PROZONE REALTY LIMITED,34454,16.96
PRSMJOHNSN,PRISM JOHNSON LIMITED,1351241,2188.85
PRUDENT,PRUDENT CORP ADV SER LTD,39380,1028.64
PSB,PUNJAB & SIND BANK,9139654,3078.62
PSPPROJECT,PSP PROJECTS LIMITED,521517,4338.30
PSUBANK,KOTAK PSU BANK,32236,256.30
PSUBANKADD,DSPAMC - DSPPSBKETF,62403,50.45
PSUBNKBEES,NIP IND ETF PSU BANK BEES,11810193,10495.40
PSUBNKIETF,ICICIPRAMC - PSUBANKICI,494487,395.65
PTC,PTC INDIA LIMITED,3471993,6175.07
PTCIL,PTC INDUSTRIES LIMITED,21391,3235.89
PTL,PTL ENTERPRISES LTD,7859,3.20
PUNJABCHEM,PUNJAB CHEM & CROP PROT L,19085,250.29
PURVA,PURAVANKARA LIMITED,770952,2194.46
PVP,PVP VENTURES LIMITED,284,0.07
PVRINOX,PVR INOX LIMITED,1017663,11893.42
PVSL,POPULAR VEHICLES N SER L,87566,124.69
PVTBANIETF,ICICIPRAMC - ICICIBANKP,1090756,303.55
PVTBANKADD,DSPAMC - DSPPVBKETF,38782,10.71
PYRAMID,PYRAMID TECHNOPLAST LTD,44926,79.26
QGOLDHALF,QUANTUM GOLD FUND,294837,287.92
QNIFTY,QUANTUM NIFTY 50 ETF,234,6.38
QPOWER,QUALITY POWER ELEC EQUP L,942803,7611.80
QUADFUTURE,QUADRANT FUTURE TEK LTD,768691,2982.04
QUAL30IETF,ICICIPRAMC - ICICIQTY30,390078,84.82
QUESS,QUESS CORP LIMITED,836859,2284.63
QUICKHEAL,QUICK HEAL TECH LTD,623723,2189.54
RACE,RACE ECO CHAIN LIMITED,56466,140.34
RACLGEAR,RACL GEARTECH LIMITED,90320,998.23
RADHIKAJWE,RADHIKA JEWELTECH LIMITED,509993,472.12
RADIANTCMS,RADIANT CASH MGMT SER LTD,292146,181.33
RADICO,RADICO KHAITAN LTD,139726,4483.35
RADIOCITY,MUSIC BROADCAST LIMITED,18094,1.70
RAILTEL,RAILTEL CORP OF IND LTD,6875429,27856.45
RAIN,RAIN INDUSTRIES LIMITED,7227598,10032.64
RAINBOW,RAINBOW CHILDRENS MED LTD,198376,2810.99
RAJESHEXPO,RAJESH EXPORTS LTD,1821412,3932.41
RAJOOENG,RAJOO ENGINEERS LIMITED,914023,885.66
RAJRATAN,RAJRATAN GLOBAL WIRE LTD,475185,1823.60
RAJSREESUG,RAJSHREE SUGAR & CHEMICAL,5931,2.51
RALLIS,RALLIS INDIA LTD,1595526,4840.21
RAMASTEEL,RAMA STEEL TUBES LIMITED,59636274,6271.98
RAMCOCEM,THE RAMCO CEMENTS LIMITED,454908,4681.87
RAMCOIND,RAMCO INDUSTRIES LIMITED,749519,2424.72
RAMCOSYS,RAMCO SYSTEMS LTD.,92983,558.99
RAMKY,RAMKY INFRA LTD,1610102,9608.51
RAMRAT,RAM RATNA WIRES LIMITED,91722,602.66
RANASUG,RANA SUGARS LTD.,185540,35.16
RANEHOLDIN,RANE HOLDINGS LIMITED,21120,336.55
RATEGAIN,RATEGAIN TRAVEL TECHN LTD,2848937,16837.18
RATNAMANI,RATNAMANI MET & TUB LTD.,58599,1518.29
RATNAVEER,RATNAVEER PRECISION ENG L,401065,620.69
RAYMOND,RAYMOND LTD,857899,5799.09
RAYMONDLSL,RAYMOND LIFESTYLE LIMITED,457510,5508.00
RAYMONDREL,RAYMOND REALTY LIMITED,868034,5305.45
RBA,RESTAURANT BRAND ASIA LTD,7913334,6082.49
RBLBANK,RBL BANK LIMITED,9142747,25275.92
RBZJEWEL,RBZ JEWELLERS LIMITED,127350,197.00
RCF,RASHTRIYA CHEMICALS & FER,9698494,15745.77
RECLTD,REC LIMITED,20370302,81279.67
REDINGTON,REDINGTON LIMITED,3517451,10223.97
REDTAPE,REDTAPE LIMITED,1333749,1943.56
REFEX,REFEX INDUSTRIES LIMITED,492944,1868.03
REGAAL,REGAAL RESOURCES LIMITED,326060,294.72
RELAXO,RELAXO FOOT LTD.,734006,3485.73
RELCHEMQ,RELIANCE CHEMOTEX IND LTD,226,0.40
RELIANCE,RELIANCE INDUSTRIES LTD,3953594,56177.73
RELIGARE,RELIGARE ENTER. LTD.,5945986,15303.95
RELINFRA,RELIANCE INFRASTRUCTU LTD,173958,428.45
RELTD,RAVINDRA ENERGY LIMITED,101252,168.03
REMSONSIND,REMSONS INDUSTRIES LTD,199052,282.91
RENUKA,SHREE RENUKA SUGARS LTD,21566520,7545.29
REPCOHOME,REPCO HOME FINANCE LTD,698110,2971.90
REPRO,REPRO INDIA LIMITED,12370,66.97
RESPONIND,RESPONSIVE INDUSTRIES LTD,910880,1999.53
RGL,RENAISSANCE GLOBAL LTD,1218308,1633.50
RHETAN,RHETAN TMT LIMITED,44763,10.65
RHIM,RHI MAGNESITA INDIA LTD,844679,4237.43
RICOAUTO,RICO AUTO INDUSTRIES LTD,1203070,1251.12
RIIL,RELIANCE INDUSTRIAL INFRA,455856,4609.23
RISHABH,RISHABH INSTRUMENTS LTD,3269,12.57
RITCO,RITCO LOGISTICS LIMITED,115565,348.54
RITES,RITES LIMITED,4898315,13837.19
RKEC,RKEC PROJECTS LIMITED,828,0.52
RKFORGE,RAMKRISHNA FORGINGS LTD,2414150,14952.26
RKSWAMY,R K SWAMY LIMITED,71671,116.87
RMDRIP,R M DRIP & SPRINK SYS LTD,450323,353.47
RML,RANE (MADRAS) LIMITED,26354,229.64
RNBDENIMS,R&B DENIMS LIMITED,13935,19.46
ROHLTD,ROYAL ORCHID HOTELS LTD,208797,969.21
ROLEXRINGS,ROLEX RINGS LIMITED,1417434,1861.30
ROSSARI,ROSSARI BIOTECH LIMITED,189795,1329.23
ROSSELLIND,ROSSELL INDIA LIMITED,118,0.07
ROSSTECH,ROSSELL TECHSYS LIMITED,93818,670.36
ROTO,ROTO PUMPS LIMITED,850633,744.36
ROUTE,ROUTE MOBILE LIMITED,1051489,9777.20
RPEL,RAGHAV PRODUCTIVITY ENH L,108511,827.37
RPGLIFE,RPG LIFE SCIENCES LTD,19359,468.06
RPOWER,RELIANCE POWER LTD.,17983994,7828.44
RPPINFRA,R.P.P INFRA PROJECTS LTD,48527,65.20
RPPL,RAJSHREE POLYPACK LTD,22820,5.28
RPSGVENT,RPSG VENTURES LIMITED,541021,5095.37
RPTECH,RASHI PERIPHERALS LIMITED,237214,783.60
RRKABEL,R R KABEL LIMITED,312903,4348.59
RSSOFTWARE,R. S. SOFTWARE (INDIA) LI,0,0.00
RSWM,RSWM LIMITED,337120,576.42
RSYSTEMS,R SYS INTERNATIONAL LTD,379631,1716.07
RTNINDIA,RATTANINDIA ENT LIMITED,14948178,8393.29
RTNPOWER,RATTANINDIA POWER LIMITED,23451889,3012.75
RUBFILA,RUBFILA INTERNATIONAL LTD,132031,109.66
RUBYMILLS,THE RUBY MILLS LTD,4656,11.62
RUCHIRA,RUCHIRA PAPERS LIMITED,60159,90.53
RUPA,RUPA & COMPANY LTD,505651,1095.16
RUSHIL,RUSHIL DECOR LIMITED,914938,303.47
RUSTOMJEE,KEYSTONE REALTORS LIMITED,88736,529.80
RVNL,RAIL VIKAS NIGAM LIMITED,19070720,70841.40
SAATVIKGL,SAATVIK GREEN ENERGY LTD,93990,443.22
SABTNL,SRI ADHIKARI BRO TELE N L,30620,363.62
SADBHAV,SADBHAV ENGINEERING LTD,540925,69.60
SAFARI,SAFARI IND (INDIA) LTD,39507,862.07
SAGCEM,SAGAR CEMENTS LIMITED,344603,876.72
SAGILITY,SAGILITY LIMITED,67897956,34837.23
SAHYADRI,SAHYADRI INDUSTRIES LTD,1681,5.03
SAIL,STEEL AUTHORITY OF INDIA,22717954,30808.26
SAILIFE,SAI LIFE SCIENCES LIMITED,480778,4216.47
SAKAR,SAKAR HEALTHCARE LIMITED,2379,7.71
SAKHTISUG,SAKTHI SUGARS LTD,1076942,453.97
SAKSOFT,SAKSOFT LIMITED,579292,1254.25
SAKUMA,SAKUMA EXPORTS LIMITED,35040,1.18
SALASAR,SALASAR TECHNO ENGG. LTD.,27907972,2927.70
SALSTEEL,S.A.L. STEEL LTD.,5000,1.14
SALZERELEC,SALZER ELECTRONICS LTD,268469,2299.68
SAMBHV,SAMBHV STEEL TUBES LTD,2924181,3351.78
SAMHI,SAMHI HOTELS LIMITED,3490553,6871.08
SAMMAANCAP,SAMMAAN CAPITAL LIMITED,35812273,56150.05
SANATHAN,SANATHAN TEXTILES LIMITED,54757,279.00
SANDESH,SANDESH LTD,97,1.17
SANDHAR,SANDHAR TECHNOLOGIES LTD,454817,2409.63
SANDUMA,SANDUR MANG & IRON ORES L,3193028,6644.75
SANGAMIND,SANGAM (INDIA) LTD,40396,182.66
SANGHIIND,SANGHI INDUSTRIES LTD,929660,681.50
SANGHVIMOV,SANGHVI MOVERS LTD,1205569,4100.06
SANOFI,SANOFI INDIA LIMITED,56658,2869.42
SANOFICONR,SANOFI CONS HEALTHC IND L,3115,156.09
SANSERA,SANSERA ENGINEERING LTD,199681,2745.70
SANSTAR,SANSTAR LIMITED,1238263,1260.08
SAPPHIRE,SAPPHIRE FOODS INDIA LTD,2394281,7240.40
SARDAEN,SARDA ENERGY & MIN LTD,2384585,12893.12
SAREGAMA,SAREGAMA INDIA LIMITED,709637,3517.52
SARLAPOLY,SARLA PERF. FIBERS LTD,42561,40.24
SARVESHWAR,SARVESHWAR FOODS LIMITED,3319887,203.29
SASKEN,SASKEN TECHNOLOGIES LTD,62913,932.09
SASTASUNDR,SASTASUNDAR VENTURES LTD,31346,94.69
SATIA,SATIA INDUSTRIES LIMITED,917033,828.18
SATIN,SATIN CREDIT NET LTD,413337,665.01
SAURASHCEM,SAURASHTRA CEMENT LIMITED,410275,455.85
SBC,SBC EXPORTS LIMITED,54797900,12065.22
SBCL,SHIVALIK BIMETAL CON. LTD,171562,913.65
SBFC,SBFC FINANCE LIMITED,4146791,4647.76
SBIBPB,SBIAMC - SBIBPB,23414,11.32
SBICARD,SBI CARDS & PAY SER LTD,695557,6227.30
SBIETFCON,SBIAMC - SBIETFCON,10019,12.88
SBIETFIT,SBIAMC - SBIETFIT,9463,38.74
SBIETFPB,SBIAMC - SBIETFPB,579,1.60
SBIETFQLTY,SBIAMC - SBIETFQLTY,1016,2.31
SBILIFE,SBI LIFE INSURANCE CO LTD,106605,1972.91
SBILIQETF,SBIAMC - SBILIQETF,1000,10.15
SBIN,STATE BANK OF INDIA,3822639,31889.14
SBINEQWETF,SBIAMC - SBINEQWETF,2689,0.90
SBISILVER,SBIAMC - SBISILVER,1591947,2517.25
SCHAEFFLER,SCHAEFFLER INDIA LIMITED,61391,2543.05
SCHAND,S CHAND AND COMPANY LTD,121141,242.70
SCHNEIDER,SCHNEIDER ELECTRIC INFRA,188462,1518.60
SCI,SHIPPING CORP OF INDIA LT,6863366,17228.71
SCILAL,SHIPPING CORP OF ILA LTD,2086093,1107.17
SCODATUBES,SCODA TUBES LIMITED,443687,819.41
SCPL,SHEETAL COOL PRODUCTS LTD,4335,14.00
SDBL,SOM DIST & BREW LTD,6807052,9065.95
SDL26BEES,RELCAPAMC-NETFSDL26,105,0.14
SEAMECLTD,SEAMEC LIMITED,96088,908.79
SELECTIPO,MIRAEAMC - SELECTIPO,10161,5.01
SENCO,SENCO GOLD LIMITED,1155815,4192.59
SENORES,SENORES PHARMACEUTICALS L,540571,3922.13
SENSEXADD,DSPAMC - DSPSENXETF,1456,1.27
SENSEXETF,MIRAEAMC - SENSEXETF,2549,2.18
SENSEXIETF,ICICI PRUD SENSEX ETF,7944,75.95
SEPC,SEPC LIMITED,21078764,2724.30
SEQUENT,SEQUENT SCIENTIFIC LTD.,3276731,7339.13
SERVOTECH,SERVOTECH REN POW SYS LTD,723012,913.64
SESHAPAPER,SESHASAYEE PAPER & BOARDS,38596,114.29
SETF10GILT,SBIAMC - SETF10GILT,844,2.18
SETFGOLD,SBI-ETF GOLD,1190723,1234.50
SETFNIF50,SBI-ETF NIFTY 50,237017,625.46
SETFNIFBK,SBI-ETF NIFTY BANK,12990,74.91
SETFNN50,SBI-ETF NIFTY NEXT 50,40898,306.09
SFL,SHEELA FOAM LIMITED,461301,3263.20
SGFIN,SG FINSERVE LIMITED,90748,357.81
SGIL,SYNERGY GREEN IND. LTD,19234,107.18
SGLTL,STANDARD GLASS LIN TECH L,198326,350.64
SGMART,SG MART LIMITED,201228,710.04
SHAH,SHAH METACORP LIMITED,936060,42.23
SHAILY,SHAILY ENG PLASTICS LTD,284954,6897.74
SHAKTIPUMP,SHAKTI PUMPS (I) LTD,1158871,9622.05
SHALBY,SHALBY LIMITED,810010,1919.29
SHALPAINTS,SHALIM PAINTS LTD,853853,925.53
SHANKARA,SHANKARA BLDG PRODUCT LTD,3532,7.41
SHANTIGEAR,SHANTHI GEARS LTD,153307,820.10
SHANTIGOLD,SHANTI GOLD INTERNATION L,1681347,3815.64
SHARDACROP,SHARDA CROPCHEM LTD.,522996,4434.98
SHARDAMOTR,SHARDA MOTOR INDS LTD,145620,1550.80
SHAREINDIA,SHARE IND. SECURITIES LTD,1530886,2943.34
SHARIABEES,NIP IND ETF SHARIAH BEES,7739,39.11
SHILPAMED,SHILPA MEDICARE LTD,401743,1529.35
SHIVALIK,SHIVALIK RASAYAN LIMITED,37440,189.39
SHIVAMAUTO,SHIVAM AUTO.LTD,50256,16.47
SHIVATEX,SHIVA TEXYARN LIMITED,170,0.34
SHK,S H KELKAR AND CO. LTD.,1215738,2627.50
SHOPERSTOP,SHOPPERS STOP LIMITED,75196,414.05
SHREDIGCEM,SHREE DIGVIJAY CEM CO LTD,538297,505.79
SHREECEM,SHREE CEMENT LIMITED,19356,5523.46
SHREEJISPG,SHREEJI SHIPPING GLOBAL L,495915,1436.23
SHREEPUSHK,SHRE PUSH CHEM & FERT LTD,139045,560.26
SHREERAMA,SHREE RAMA MULTI TECH LTD,130,0.07
SHREYANIND,SHREYANS INDUSTRIES LTD,850,2.09
SHRINGARMS,SHRINGAR HOU OF MANGALS L,1555756,3459.87
SHRIPISTON,SHRIRAM PIST. & RING LTD,49008,1258.67
SHRIRAMFIN,SHRIRAM FINANCE LIMITED,1641599,12395.02
SHRIRAMPPS,SHRIRAM PROPERTIES LTD,5073680,4945.27
SHYAMMETL,SHYAM METALICS AND ENGY L,1561600,13400.72
SIEMENS,SIEMENS LTD,387639,13341.26
SIGACHI,SIGACHI INDUSTRIES LTD,8843046,3744.41
SIGNATURE,SIGNATUREGLOBAL INDIA LTD,651762,7550.48
SIGNPOST,SIGNPOST INDIA LIMITED,174643,425.65
SIKKO,SIKKO INDUSTRIES LIMITED,50,0.04
SILINV,SIL INVESTMENTS LIMITED,222,1.92
SILVER,BIRLASLAMC - SILVER,1786041,2514.01
SILVER1,KOTAKMAMC - KOTAKSILVE,1015151,1515.10
SILVER360,360ONEAMC - SILVER360,44283,71.13
SILVERADD,DSPAMC - DSPSILVETF,307198,463.10
SILVERAG,MIRAEAMC - MASILVER,359183,523.47
SILVERBEES,NIPPONAMC - NETFSILVER,43443529,65209.71
SILVERCASE,ZERODHAAMC - SILVERCASE,7483598,1251.89
SILVERETF,UTIAMC - SILVERETF,1902926,3002.62
SILVERIETF,ICICIPRAMC - ICICISILVE,7011901,11048.95
SILVERTUC,SILVER TOUCH TECHNO LTD,25172,204.57
SIMPLEXINF,SIMPLEX INFRASTRUCTURES L,218192,649.09
SINCLAIR,SINCLAIRS HOTELS LIMITED,53814,57.08
SINDHUTRAD,SINDHU TRADE LINKS LTD,1843557,474.54
SIRCA,SIRCA PAINT INDIA LIMITED,1465213,6589.94
SIS,SIS LIMITED,126030,454.43
SIYSIL,SIYARAM SILK MILLS LTD,220330,1749.12
SJS,SJS ENTERPRISES LIMITED,173455,2568.52
SJVN,SJVN LTD,25056901,25626.53
SKFINDIA,SKF INDIA LTD,38431,904.80
SKIPPER,SKIPPER LIMITED,980216,5097.84
SKMEGGPROD,SKM EGG PROD EXPORT(I) LT,25807,113.12
SKYGOLD,SKY GOLD AND DIAMONDS LTD,1966343,6494.82
SMALLCAP,MIRAEAMC - SMALLCAP,5511944,2512.04
SMARTLINK,SMARTLINK HOLDINGS LTD,65,0.09
SMARTWORKS,SMARTWORKS COWORKING SP L,122800,707.06
SMCGLOBAL,SMC GLOBAL SECURITIES LTD,2126318,1556.90
SML100CASE,ZERODHAAMC - SML100CASE,32558,3.32
SMLMAH,SML MAHINDRA LIMITED,81679,2455.59
SMLT,SARTHAK METALS LIMITED,3021,3.34
SMSLIFE,SMS LIFESCIENCES (I) LTD,87,1.00
SMSPHARMA,SMS PHARMACEUTICALS LTD.,519670,1471.37
SNOWMAN,SNOWMAN LOGISTICS LTD.,1182068,740.79
SNXT30BEES,NIPPONAMC - SNXT30BEES,2613,1.04
SOBHA,SOBHA LIMITED,249709,3987.60
SOFTTECH,SOFTTECH ENGINEERS LTD,100,0.33
SOLARA,SOLARA ACTIVE PHA SCI LTD,139296,858.80
SOLARINDS,SOLAR INDUSTRIES (I) LTD,293804,42064.05
SOLARWORLD,SOLARWORLD ENERGY SOL LTD,132095,393.06
SOMANYCERA,SOMANY CERAMICS LIMITED,96730,501.18
SOMICONVEY,SOMI CONVEYOR BELT. LTD.,1125,1.59
SONACOMS,SONA BLW PRECISION FRGS L,1886984,9578.62
SONATSOFTW,SONATA SOFTWARE LTD,2134754,8508.04
SOTL,SAVITA OIL TECHNOLO. LTD,85983,386.06
SOUTHBANK,THE SOUTH INDIAN BANK LTD,45372929,16356.92
SOUTHWEST,SOUTH WEST PINNACLE LTD,16093,30.69
SPAL,S. P. APPARELS LIMITED,66336,518.09
SPANDANA,SPANDANA SPHOORTY FIN LTD,740908,2464.02
SPARC,SUN PHARMA ADV.RES.CO.LTD,1693029,2727.12
SPECIALITY,SPECIALITY REST LTD,59723,86.91
SPECTRUM,SPECTRUM ELECTRIC IND LTD,383,4.74
SPENCERS,SPENCER S RETAIL LIMITED,425484,310.90
SPIC,SPIC LTD,3263238,3274.08
SPLPETRO,SUPREME PETROCHEM LIMITED,123305,967.37
SPMLINFRA,SPML INFRA LIMITED,1495446,3878.96
SPORTKING,SPORTKING INDIA LIMITED,358812,405.08
SRD,SHANKAR LAL RAMPAL LTD,13,0.01
SREEL,SREELEATHERS LIMITED,10651,27.14
SRF,SRF LTD,269741,7997.60
SRGHFL,SRG HOUSING FINANCE L,2,0.01
SRHHYPOLTD,SREE RAYALSEEMA HHP LTD.,51409,322.48
SRM,SRM CONTRACTORS LIMITED,95892,555.21
SSDL,SARASWATI SAREE DEPOT LTD,10168,9.55
SSWL,STEEL STRIPS WHEELS LTD.,915113,2122.77
STALLION,STALLION IND FLUOROCHEM L,31820,92.95
STANLEY,STANLEY LIFESTYLES LTD,114438,339.85
STAR,STRIDES PHARMA SCI LTD,743843,6103.02
STARCEMENT,STAR CEMENT LIMITED,1233916,3176.01
STARHEALTH,STAR HEALTH & AL INS CO L,911256,4427.17
STARPAPER,STAR PAPER MILLS LTD,858,1.61
STCINDIA,THE STATE TRADING CORPN,32345,43.71
STEELCAS,STEELCAST LIMITED,46551,105.09
STEELCITY,STEEL CITY SECURITIES LTD,538,0.55
STEELXIND,STEEL EXCHANGE INDIA LTD,5020046,522.02
STEL,STEL HOLDINGS LIMITED,1124,5.03
STERTOOLS,STERLING TOOLS LIMITED,284577,1044.12
STLNETWORK,STL NETWORKS LIMITED,1070691,279.62
STLTECH,STERLITE TECHNOLOGIES LTD,1378603,1617.43
STOVEKRAFT,STOVE KRAFT LIMITED,341759,2418.93
STYL,SESHAASAI TECHNOLOGIES L,29965,98.29
STYLAMIND,STYLAM INDUSTRIES LIMITED,215027,4293.85
STYLEBAAZA,BAAZAR STYLE RETAIL LTD,770092,2505.85
STYRENIX,STYRENIX PERFORMANCE LTD,139886,3583.53
SUBEXLTD,SUBEX LTD,1030997,161.54
SUBROS,SUBROS LIMITED,260552,2575.65
SUDARSCHEM,SUDARSHAN CHEMICAL INDS L,332421,3819.09
SUKHJITS,SUKHJIT STARCH & CHEM LTD,1804,3.66
SULA,SULA VINEYARDS LIMITED,2507372,7474.64
SUMICHEM,SUMITOMO CHEM INDIA LTD,823046,4395.39
SUMIT,SUMIT WOODS LIMITED,3100,2.67
SUMMITSEC,SUMMIT SECURITIES LTD,20518,449.91
SUNCLAY,SUNDARAM CLAYTON LIMITED,40063,648.15
SUNDARAM,SUNDARAM MULTI PAP LTD,33930,0.72
SUNDARMFIN,SUNDARAM FINANCE LTD,22966,1113.22
SUNDRMBRAK,SUNDARAM BRAK LININGS LTD,5929,45.53
SUNDRMFAST,SUNDRAM FASTENERS LTD,151179,1541.99
SUNDROP,SUNDROP BRANDS LIMITED,92904,724.70
SUNFLAG,SUNFLAG IRON AND STEEL CO,623195,1751.21
SUNPHARMA,SUN PHARMACEUTICAL IND L,430048,7362.41
SUNTECK,SUNTECK REALTY LIMITED,1005870,4558.56
SUNTV,SUN TV NETWORK LIMITED,646145,3836.13
SUPERHOUSE,SUPERHOUSE LIMITED,4668,8.00
SUPRAJIT,SUPRAJIT ENGINEERING LTD,245031,1159.25
SUPREME,SUPREME HOLDIN N HOSP I L,7920,6.48
SUPREMEIND,SUPREME INDUSTRIES LTD,289882,11862.55
SUPRIYA,SUPRIYA LIFESCIENCE LTD,502633,3695.09
SURAJEST,SURAJ ESTATE DEVELOPERS L,1239821,4075.32
SURAKSHA,SURAKSHA DIAGNOSTIC LTD,372494,1157.11
SURANASOL,SURANA SOLAR LIMITED,3202,1.11
SURANAT&P,SURANA TELECOM AND POW LT,23418,5.61
SURYAROSNI,SURYA ROSHNI LTD,1402685,4126.42
SURYODAY,SURYODAY SMALL FIN BK LTD,562814,799.35
SUVEN,SUVEN LIFE SCIENCES LTD,188247,372.95
SUYOG,SUYOG TELEMATICS LIMITED,98896,751.70
SUZLON,SUZLON ENERGY LIMITED,149752590,90525.32
SWANCORP,SWAN CORP LIMITED,5816883,29023.92
SWARAJENG,SWARAJ ENGINES LTD,51941,2134.17
SWELECTES,SWELECT ENERGY SYS LTD,33899,290.59
SWIGGY,SWIGGY LIMITED,8339817,35365.22
SWSOLAR,STRLNG & WIL REN ENE LTD,9034518,25877.66
SYMPHONY,SYMPHONY LIMITED,245796,2627.91
SYNCOMF,SYNCOM FORMU (I) LTD,610985,105.69
SYNGENE,SYNGENE INTERNATIONAL LTD,670345,4591.29
SYRMA,SYRMA SGS TECHNOLOGY LTD,1637283,13288.95
SYSTMTXC,SYSTEMATIX CORP SERVICE L,57641,91.02
TAINWALCHM,TAINWALA CHEMICAL AND PLA,148,0.33
TAJGVK,TAJ GVK HOTELS & RESORTS,940558,4058.53
TALBROAUTO,TALBROS AUTO. COMP. LTD,244144,738.89
TANLA,TANLA PLATFORMS LIMITED,2770639,18716.55
TARC,TARC LIMITED,2329193,3933.47
TARIL,TRANS & RECTI. LTD,3196040,12227.05
TARMAT,TARMAT LIMITED,7551,4.29
TARSONS,TARSONS PRODUCTS LIMITED,1488477,5247.86
TASTYBITE,TASTY BITE EATABLES LTD,7998,850.61
TATACAP,TATA CAPITAL LIMITED,300193,968.60
TATACHEM,TATA CHEMICALS LTD,1645541,15093.51
TATACOMM,TATA COMMUNICATIONS LTD,271305,4925.54
TATACONSUM,TATA CONSUMER PRODUCT LTD,410264,4610.06
TATAELXSI,TATA ELXSI LIMITED,443175,26479.78
TATAGOLD,TATAAML-TATAGOLD,26128573,3099.05
TATAINVEST,TATA INVESTMENT CORP LTD,1739917,15603.09
TATAPOWER,TATA POWER CO LTD,10616632,42122.99
TATASTEEL,TATA STEEL LIMITED,29080836,49481.11
TATATECH,TATA TECHNOLOGIES LIMITED,3426937,26180.09
TATSILV,TATAAML-TATSILV,27309646,4325.35
TATVA,TATVA CHIN PHARM CHEM LTD,254427,3382.28
TBOTEK,TBO TEK LIMITED,100303,1654.94
TBZ,TRIB BHIMJI ZAVERI LTD,403202,792.84
TCI,TRANSPORT CORPN OF INDIA,20992,243.76
TCIEXP,TCI EXPRESS LIMITED,121250,935.18
TCPLPACK,TCPL PACKAGING LIMITED,25765,1022.50
TCS,TATA CONSULTANCY SERV LT,3546123,115056.64
TDPOWERSYS,TD POWER SYSTEMS LTD.,894381,6087.09
TEAMLEASE,TEAMLEASE SERVICES LTD.,123678,2366.32
TECH,BIRLASLAMC - TECH,16926,6.66
TECHM,TECH MAHINDRA LIMITED,1224553,19093.59
TECHNOE,TECHNO ELEC & ENG CO. LTD,600051,8208.19
TEGA,TEGA INDUSTRIES LIMITED,1508768,30074.62
TEJASNET,TEJAS NETWORKS LIMITED,4464310,30519.65
TEXINFRA,TEXMACO INFRA & HOLDG LTD,806355,916.31
TEXMOPIPES,TEXMO PIPE & PRODUCTS LTD,11865,7.46
TEXRAIL,TEXMACO RAIL & ENG. LTD.,9283886,14927.12
TFCILTD,TOURISM FINANCE CORP. OF,69139456,39012.83
THANGAMAYL,THANGAMAYIL JEWELLERY LTD,14309,400.36
THEINVEST,THE INVEST TRUST OF IND L,1649,2.40
THEJO,THEJO ENGINEERING LIMITED,4938,95.07
THELEELA,LEELA PALACES HOTEL LTD,258123,1132.61
THEMISMED,THEMIS MEDICARE LTD.,195157,300.24
THERMAX,THERMAX LTD,339148,11365.95
THOMASCOOK,THOMAS COOK (INDIA) LTD,2445183,4075.08
THOMASCOTT,THOMAS SCOTT (INDIA) LTD,15753,64.88
THYROCARE,THYROCARE TECH LTD,146372,2116.02
TI,TILAKNAGAR INDUSTRIES LTD,3511049,15958.66
TIGERLOGS,TIGER LOGISTICS (INDIA) L,9092,3.90
TIIL,TECHNOCRAFT IND LTD,30354,815.78
TIINDIA,TUBE INVEST OF INDIA LTD,228644,7251.60
TIL,TIL LTD,200,0.57
TIMETECHNO,TIME TECHNOPLAST LTD.,2943908,6443.52
TIMKEN,TIMKEN INDIA LTD.,61784,2108.69
TINNARUBR,TINNA RUBBER AND INFR LTD,21501,201.96
TIPSFILMS,TIPS FILMS LIMITED,140,0.66
TIPSMUSIC,TIPS MUSIC LIMITED,702670,4035.19
TIRUMALCHM,THIRUMALAI CHEMICALS LTD,1565340,4542.24
TITAGARH,TITAGARH RAIL SYSTEMS LTD,2891404,26855.78
TITAN,TITAN COMPANY LIMITED,234214,8655.34
TMB,TAMILNAD MERCA BANK LTD,284707,1314.31
TMCV,TATA MOTORS LIMITED,48503,150.85
TMPV,TATA MOTORS PASS VEH LTD,18597823,99141.75
TNIDETF,TATAAML - TNIDETF,48506,45.38
TNPETRO,TAMILNADU PETROPRODUCTS L,189615,206.06
TNPL,TAMILNADU NEWSPRT & PAPER,619575,1050.16
TOKYOPLAST,TOKYO PLAST INTL LTD,2644,3.48
TOLINS,TOLINS TYRES LIMITED,291200,528.31
TOP100CASE,ZERODHAAMC - TOP100CASE,77342,8.42
TOP10ADD,DSPAMC - TOP10ADD,66296,64.46
TOP15IETF,ICICIPRAMC - TOP15IETF,11026,1.20
TORNTPHARM,TORRENT PHARMACEUTICALS L,44456,1640.01
TORNTPOWER,TORRENT POWER LTD,614323,8422.40
TPHQ,TEAMO PRODUCTIONS HQ LTD,10000,0.07
TPLPLASTEH,TPL PLASTECH LIMITED,34285,29.07
TRACXN,TRACXN TECHNOLOGIES LTD,288952,186.02
TRANSRAILL,TRANSRAIL LIGHTING LTD,2644032,18832.79
TRANSWORLD,TRANSWORLD SHIP LINES LTD,57328,185.91
TRAVELFOOD,TRAVEL FOOD SERVICES LTD,37364,499.43
TREJHARA,TREJHARA SOLUTIONS LTD,1,0.00
TREL,TRANSINDIA REAL ESTATE L,40354,15.17
TRENT,TRENT LTD,2208461,112052.75
TRF,TRF LIMITED,26532,98.04
TRIDENT,TRIDENT LIMITED,29273897,9293.78
TRITURBINE,TRIVENI TURBINE LIMITED,895898,5339.87
TRIVENI,TRIVENI ENGG. & INDS. LTD,1289602,4965.45
TRU,TRUCAP FINANCE LIMITED,17247,2.06
TRUALT,TRUALT BIOENERGY LIMITED,193764,913.91
TSFINV,TSF INVESTMENTS LIMITED,322369,1669.18
TTKHLTCARE,TTK HEALTHCARE LIMITED,2390,31.10
TTKPRESTIG,TTK PRESTIGE LTD,101573,722.00
TTL,T T LIMITED,30052,2.70
TTML,TATA TELESERV(MAHARASTRA),932117,564.91
TVSELECT,TVS ELECTRONICS LTD,79418,500.83
TVSHLTD,TVS HOLDINGS LIMITED,1788,251.67
TVSMOTOR,TVS MOTOR COMPANY  LTD,405999,14089.71
TVSSCS,TVS SUPPLY CHAIN SOL L,3270308,4535.80
TVSSRICHAK,TVS SRICHAKRA LIMITED,6426,274.24
TVTODAY,TV TODAY NETWORK LTD,245076,440.03
UBL,UNITED BREWERIES LTD,188964,3583.62
UCAL,UCAL LIMITED,31070,43.86
UCOBANK,UCO BANK,39637342,13425.17
UDS,UPDATER SERVICES LIMITED,978198,2603.48
UFBL,UNITED FOODBRANDS LIMITED,389471,1025.94
UFLEX,UFLEX LIMITED,168309,938.92
UFO,UFO MOVIEZ INDIA LTD.,71744,64.42
UGARSUGAR,THE UGAR SUGAR WORKS LTD,211581,110.77
UGROCAP,UGRO CAPITAL LIMITED,632147,1146.78
UJJIVANSFB,UJJIVAN SMALL FINANC BANK,20989819,10142.57
ULTRACEMCO,ULTRATECH CEMENT LIMITED,165839,20051.03
UMAEXPORTS,UMA EXPORTS LIMITED,500,0.24
UMIYA-MRO,UMIYA BUILDCON LIMITED,2992,3.16
UNICHEMLAB,UNICHEM LABORATORIES LTD,84011,482.96
UNIDT,UNITED DRILLING TOOLS LTD,7294,15.76
UNIECOM,UNICOMMERCE ESOLUTIONS L,1189635,1688.94
UNIENTER,UNIPHOS ENTERPRISES LTD,1000,1.70
UNIMECH,UNIMECH AEROSPACE N MFG L,34348,357.78
UNIONBANK,UNION BANK OF INDIA,16684067,23526.21
UNIONGOLD,UNIONAMC - UNIONGOLD,2253,2.77
UNIPARTS,UNIPARTS INDIA LIMITED,319755,1543.96
UNITDSPR,UNITED SPIRITS LIMITED,884383,12453.59
UNITECH,UNITECH LTD,267698,17.69
UNITEDTEA,UNITED NILGIRI TEA LTD,52,0.26
UNIVCABLES,UNIVERSAL CABLES LTD,233947,1616.34
UNOMINDA,UNO MINDA LIMITED,366756,4616.30
UPL,UPL LIMITED,1906728,13994.97
URBANCO,URBAN COMPANY LIMITED,947471,1362.48
URJA,URJA GLOBAL LIMITED,463425,63.59
USHAMART,USHA MARTIN LTD.,1881284,7816.10
USK,UDAYSHIVAKUMAR INFRA LTD,15175,4.51
UTIAMC,UTI ASSET MNGMT CO LTD,320657,4164.68
UTIBANKETF,UTIAMC - UTIBANKETF,18791,10.97
UTINEXT50,UTIAMC - UTINEXT50,338409,257.71
UTINIFTETF,UTIAMC - UTINIFTETF,7031,19.58
UTISENSETF,UTIAMC - UTISENSETF,644,5.86
UTISXN50,UTIAMC - UTISXN50,3888,3.54
UTKARSHBNK,UTKARSH SMALL FIN BANK L,49786749,9701.66
UTTAMSUGAR,UTTAM SUGAR MILLS LTD.,262612,833.97
UYFINCORP,U. Y. FINCORP LIMITED,19136,3.45
V2RETAIL,V2 RETAIL LIMITED,975242,22513.24
VADILALIND,VADILAL INDUSTRIES LTD,14770,811.75
VAIBHAVGBL,VAIBHAV GLOBAL LIMITED,1405701,3702.61
VAISHALI,VAISHALI PHARMA LIMITED,1486754,155.00
VAKRANGEE,VAKRANGEE LIMITED,756735,68.13
VAL30IETF,ICICIPRAMC - VAL30IETF,7076,0.99
VALIANTLAB,VALIANT LABORATORIES LTD,25439,25.37
VALIANTORG,VALIANT ORGANICS LIMITED,4359,20.34
VARDHACRLC,VARDHAMAN ACRYLICS LTD,1673,0.76
VARDMNPOLY,VARDHMAN POLYTEX LTD.,2000,0.15
VARROC,VARROC ENGINEERING LTD.,403845,2568.69
VASCONEQ,VASCON ENGINEERS LTD,4879116,3028.22
VASWANI,VASWANI IND LTD,1240,0.72
VBL,VARUN BEVERAGES LIMITED,9335397,46410.84
VEDL,VEDANTA LIMITED,15028907,71391.32
VEEDOL,VEEDOL CORPORATION LTD,60748,1118.08
VENKEYS,VENKY S (INDIA) LIMITED,178196,2772.09
VENTIVE,VENTIVE HOSPITALITY LTD,1171895,8814.84
VENUSPIPES,VENUS PIPES & TUBES LTD,243901,3472.74
VENUSREM,VENUS REMEDIES LIMITED,9261,49.65
VERANDA,VERANDA LEARNING SOL LTD,716596,1698.32
VESUVIUS,VESUVIUS INDIA LTD,249510,1321.78
VETO,VETO SWITCHGEAR CABLE LTD,11139,13.40
VGUARD,V-GUARD IND LTD.,421265,1619.75
VHL,VARDHMAN HOLDINGS LIMITED,2,0.08
VIDHIING,VIDHI SPCLTY F INGRDNTS L,823607,3555.63
VIJAYA,VIJAYA DIAGNOSTIC CEN LTD,100776,1070.18
VIKASECO,VIKAS ECOTECH LIMITED,76447,1.56
VIKASLIFE,VIKAS LIFECARE LIMITED,861542,23.63
VIKRAMSOLR,VIKRAM SOLAR LIMITED,1331578,4333.32
VIKRAN,VIKRAN ENGINEERING LTD,3672591,3970.95
VIMTALABS,VIMTA LABS LIMITED,431013,3063.15
VINATIORGA,VINATI ORGANICS LTD,67364,1185.16
VINCOFE,VINTAGE COFFEE N BVRGS L,1826103,2923.09
VINDHYATEL,VINDHYA TELELINKS LTD,122858,1952.52
VINYLINDIA,VINYL CHEMICALS (I) LTD.,17265,51.59
VIPCLOTHNG,VIP CLOTHING LIMITED,42273,15.06
VIPIND,VIP INDUSTRIES LTD,1017178,4558.03
VIPULLTD,VIPUL LIMITED,9484,2.14
VIRINCHI,VIRINCHI LIMITED,9997,3.15
VISAKAIND,VISAKA INDUSTRIES LIMITED,62525,50.55
VISHNU,VISHNU CHEMICALS LIMITED,495585,2472.09
VISHWARAJ,VISHWARAJ SUGAR IND LTD,114865,14.41
VLEGOV,VL E GOV AND IT SOL LTD,17768,4.24
VLSFINANCE,VLS FINANCE LTD,52825,127.50
VMART,VMART RETAIL LTD,76400,701.08
VMM,VISHAL MEGA MART LIMITED,10082510,14290.22
VMSTMT,VMS TMT LIMITED,27600,18.12
VOLTAMP,VOLTAMP TRANSFORMERS LTD,79938,6672.28
VOLTAS,VOLTAS LTD,350258,4963.51
VPRPL,VISHNU PRAKASH R PUNGLI L,3397294,4384.19
VRAJ,VRAJ IRON AND STEEL LTD,21572,39.86
VRLLOG,VRL LOGISTICS LIMITED,751493,2134.76
VSSL,VARDHMAN SPC STEEL LTD,97924,289.70
VSTIND,VST INDUSTRIES LTD,1394436,4065.75
VSTL,VIBHOR STEEL TUBES LTD,14449,23.56
VSTTILLERS,VST TILLERS TRACTORS LTD,47581,2610.71
VTL,VARDHMAN TEXTILES LIMITED,546106,2621.87
WAAREEENER,WAAREE ENERGIES LIMITED,1932695,65914.58
WAAREERTL,WAAREE RENEWABLE TECH LTD,663004,7954.28
WABAG,VA TECH WABAG LTD,915243,13173.19
WALCHANNAG,WALCHANDNAGAR INDUSTRIES,231625,426.21
WANBURY,WANBURY LIMITED,45222,116.19
WCIL,WESTERN CARRIERS (IND) L,1397799,1798.57
WEALTH,WEALTH FRST PORT. MG. LTD,1902,21.42
WEBELSOLAR,WEBSOL ENERGY SYSTEM LTD,3590135,4685.16
WEL,WONDER ELECTRICALS LTD,1538200,2405.54
WELCORP,WELSPUN CORP LIMITED,1752514,15008.30
WELENT,WELSPUN ENTERPRISES LTD.,939748,4928.08
WELSPUNLIV,WELSPUN LIVING LIMITED,8764757,12724.63
WENDT,WENDT (INDIA) LIMITED,40635,3841.62
WESTLIFE,WESTLIFE FOODWORLD LTD,200239,1298.62
WEWORK,WEWORK INDIA MANAGEMENT L,49367,316.11
WHEELS,WHEELS INDIA LTD,117192,1028.66
WHIRLPOOL,WHIRLPOOL OF INDIA LTD,169750,2209.35
WINDLAS,WINDLAS BIOTECH LIMITED,244022,2193.58
WINDMACHIN,WINDSOR MACHINES LIMITED,131058,419.76
WIPRO,WIPRO LTD,8434731,21313.13
WOCKPHARMA,WOCKHARDT LIMITED,2042649,30491.36
WONDERLA,WONDERLA HOLIDAYS LTD.,260295,2014.30
WORTHPERI,WORTH PERIPHERALS LIMITED,17506,27.35
WSI,W.S.INDUSTRIES (I) LTD.,5517,4.49
WSTCSTPAPR,WEST COAST PAPER MILLS LT,360879,1892.45
XCHANGING,XCHANGING SOLUTIONS LTD,479971,476.36
XPROINDIA,XPRO INDIA LIMITED,102326,1245.23
YASHO,YASHO INDUSTRIES LIMITED,11853,206.85
YATHARTH,YATHARTH HOSP & TRA C S L,827752,6031.91
YATRA,YATRA ONLINE LIMITED,1876647,3037.11
YESBANK,YES BANK LIMITED,409102845,90241.58
YUKEN,YUKEN INDIA LIMITED,5819,61.08
ZAGGLE,ZAGGLE PREPA OCEAN SER L,2544602,9577.42
ZEEL,ZEE ENTERTAINMENT ENT LTD,38305370,48365.33
ZEELEARN,ZEE LEARN LIMITED,23500,2.31
ZEEMEDIA,ZEE MEDIA CORPORATION LTD,3579013,443.21
ZENSARTECH,ZENSAR TECHNOLOGIES  LTD,1307510,10338.56
ZENTEC,ZEN TECHNOLOGIES LIMITED,1170046,17817.06
ZFCVINDIA,ZF COM VE CTR SYS IND LTD,9615,1271.69
ZIMLAB,ZIM LABORATORIES LIMITED,23183,23.28
ZODIAC,ZODIAC ENERGY LIMITED,1005,3.73
ZOTA,ZOTA HEALTH CARE LIMITED,111806,1476.80
ZUARI,ZUARI AGRO CHEMICALS LTD,393773,1087.25
ZUARIIND,ZUARI INDUSTRIES LIMITED,277706,971.45
ZYDUSLIFE,ZYDUS LIFESCIENCES LTD,953813,9434.08
ZYDUSWELL,ZYDUS WELLNESS LIMITED,283188,1296.45
,,,
 * Figures are rounded to the nearest decimal. ,,,
